id,articleId,timestamp,close,relevance,sentimentPositive,sentimentNegative,sentimentNeutral
1,7,2024-06-05T11:56:16.194Z,175.0,0.0,0.0,0.0,0.0
2,15,2024-06-04T03:56:22.719Z,174.77000427246094,0.0,0.0,0.0,0.0
3,1,2024-06-13T04:18:36.115Z,182.47000122070312,0.9299428697799238,0.43952,0.20139,0.35909
4,13,2024-06-12T10:44:14.309Z,177.2899932861328,0.9277236755913648,0.11898,0.35125,0.52977
5,4,2024-06-12T04:05:56.763Z,177.2899932861328,0.9782702840595424,0.14568,0.44549,0.40883
6,2,2024-06-11T23:00:46.000Z,170.66000366210938,0.923762339896068,0.36285,0.23644,0.40071
7,6,2024-06-10T23:01:25.717Z,173.7899932861328,0.9732112285341182,0.32183,0.28809,0.39008
8,17,2024-06-10T20:45:55.680Z,173.7899932861328,0.9377043072701272,0.18752,0.21117,0.60131
9,21,2024-05-20T01:28:50.337Z,174.9499969482422,0.0,0.0,0.0,0.0
10,29,2024-05-13T00:14:46.826Z,171.88999938964844,0.0,0.0,0.0,0.0
11,11,2024-05-24T13:41:55.006Z,179.24000549316406,0.9270925195460084,0.04565,0.39961,0.55474
12,12,2024-05-24T03:11:12.265Z,179.24000549316406,0.979965089837036,0.23454,0.35354,0.41192
13,19,2024-05-16T23:10:34.000Z,174.83999633789062,0.9861948778994432,0.27448,0.18555,0.53997
14,5,2024-05-16T01:22:59.745Z,174.83999633789062,0.9034708397966358,0.38748,0.41854,0.19398
15,10,2024-05-10T19:30:24.000Z,168.47000122070312,0.8901113619385644,0.02521,0.81675,0.15804
16,9,2024-05-10T17:00:14.401Z,168.47000122070312,0.9849708095218906,0.02816,0.68789,0.28395
17,32,2024-04-30T10:07:49.000Z,183.27999877929688,0.0,0.0,0.0,0.0
18,27,2024-05-07T23:29:09.219Z,177.80999755859375,0.9220439182306344,0.36144,0.08389,0.55466
19,25,2024-05-07T13:51:15.052Z,177.80999755859375,0.9857119960447384,0.33829,0.16139,0.50032
20,18,2024-05-03T21:08:13.000Z,181.19000244140625,0.9335514346591832,0.21289,0.33156,0.45556
21,35,2024-05-03T13:48:36.346Z,181.19000244140625,0.9279729561637818,0.06009,0.59717,0.34274
22,36,2024-05-02T18:38:46.933Z,180.00999450683594,0.9064036673937024,0.0882,0.42273,0.48907
23,20,2024-05-01T11:10:59.000Z,179.99000549316406,0.8763239938541295,0.40394,0.39689,0.19918
24,24,2024-04-30T03:49:18.446Z,183.27999877929688,0.9468381110336948,0.36712,0.52263,0.11024
25,28,2024-04-26T13:50:43.146Z,168.2899932861328,0.979729177786891,0.09583,0.50091,0.40326
26,42,2024-04-26T11:00:53.117Z,168.2899932861328,0.9850379489125554,0.23565,0.0882,0.67615
27,31,2024-04-23T21:38:57.158Z,144.67999267578125,0.9276865333320996,0.1708,0.56547,0.26373
28,30,2024-04-23T13:37:42.514Z,144.67999267578125,0.9196013268247424,0.10835,0.06602,0.82563
29,34,2024-04-22T01:32:46.738Z,142.0500030517578,0.958106131765936,0.04272,0.71114,0.24614
30,53,2024-04-11T09:51:12.000Z,174.60000610351562,0.0,0.0,0.0,0.0
31,37,2024-04-19T11:08:52.628Z,147.0500030517578,0.9442197583619248,0.08531,0.797,0.11769
32,40,2024-04-17T15:21:05.231Z,155.4499969482422,0.9614370334959492,0.18815,0.449,0.36285
33,44,2024-04-15T23:28:37.197Z,161.47999572753906,0.9565929929658196,0.16587,0.29177,0.54235
34,43,2024-04-15T12:00:28.000Z,161.47999572753906,0.924417999590936,0.18846,0.57274,0.2388
35,48,2024-04-15T05:00:37.531Z,161.47999572753906,0.9270160009102604,0.30355,0.01413,0.68231
36,59,2024-04-04T23:09:15.000Z,171.11000061035156,0.0,0.0,0.0,0.0
37,57,2024-04-04T16:13:22.000Z,171.11000061035156,0.0,0.0,0.0,0.0
38,56,2024-04-02T23:38:31.000Z,166.6300048828125,0.0,0.0,0.0,0.0
39,47,2024-04-09T05:18:02.807Z,176.8800048828125,0.9761922243307016,0.10514,0.58481,0.31005
40,54,2024-04-04T10:48:09.493Z,171.11000061035156,0.868885305462098,0.32535,0.49038,0.18427
41,52,2024-04-02T15:03:41.000Z,166.6300048828125,0.9073701928861204,0.123,0.84517,0.03183
42,60,2024-04-02T13:28:56.000Z,166.6300048828125,0.9598362824271678,0.19742,0.18575,0.61684
43,58,2024-04-01T05:41:28.000Z,175.22000122070312,0.9033882967323962,0.06662,0.55589,0.37749
44,74,2024-03-08T06:16:55.862Z,175.33999633789062,0.0,0.0,0.0,0.0
45,63,2024-03-21T06:43:36.000Z,172.82000732421875,0.9040139875897026,0.05424,0.22972,0.71604
46,67,2024-03-21T05:59:28.000Z,172.82000732421875,0.9357477709492084,0.06369,0.02084,0.91547
47,62,2024-03-21T03:00:44.000Z,172.82000732421875,0.9656511128642548,0.04211,0.36119,0.59669
48,64,2024-03-20T11:00:00.000Z,175.66000366210938,0.9735484494827776,0.13726,0.1648,0.69794
49,65,2024-03-14T18:11:25.000Z,162.5,0.8882512815920808,0.16344,0.29911,0.53744
50,66,2024-03-13T15:53:56.000Z,169.47999572753906,0.9077717924876272,0.20556,0.41373,0.38071
51,69,2024-03-12T12:00:00.000Z,177.5399932861328,0.9924769754841364,0.23278,0.22988,0.53733
52,68,2024-03-12T06:29:32.000Z,177.5399932861328,0.9178158569221564,0.62938,0.02271,0.34791
53,76,2024-03-04T13:15:52.000Z,188.13999938964844,0.0,0.0,0.0,0.0
54,82,2024-03-01T14:31:42.000Z,202.63999938964844,0.0,0.0,0.0,0.0
55,70,2024-03-05T11:21:28.000Z,180.7400054931641,0.902844724453126,0.02069,0.72369,0.25562
56,71,2024-03-04T17:56:30.000Z,188.13999938964844,0.9187042737285308,0.03676,0.49226,0.47099
57,75,2024-03-04T10:44:56.964Z,188.13999938964844,0.9643125189170948,0.38785,0.01844,0.59372
58,72,2024-03-04T06:37:47.000Z,188.13999938964844,0.9270925195460084,0.02249,0.81205,0.16545
59,77,2024-03-01T06:13:55.000Z,202.63999938964844,0.9670695037853084,0.36707,0.06794,0.565
60,81,2024-02-29T12:00:00.000Z,201.8800048828125,0.9713570503826002,0.30293,0.30357,0.39349
61,78,2024-02-28T00:34:14.000Z,202.0399932861328,0.9719097446713594,0.41841,0.34024,0.24135
62,86,2024-02-15T21:48:17.276Z,200.4499969482422,0.0,0.0,0.0,0.0
63,89,2024-02-15T00:36:19.000Z,200.4499969482422,0.0,0.0,0.0,0.0
64,88,2024-02-12T21:25:37.000Z,188.1300048828125,0.0,0.0,0.0,0.0
65,79,2024-02-27T12:49:57.000Z,199.72999572753903,0.9547741840393072,0.45175,0.23177,0.31648
66,83,2024-02-23T12:00:00.000Z,191.97000122070312,0.9766856414085208,0.28227,0.19252,0.5252
67,84,2024-02-20T08:34:30.722Z,193.7599945068359,0.9569254656689378,0.4083,0.21583,0.37587
68,87,2024-02-15T03:02:41.000Z,200.4499969482422,0.9487663998946853,0.06134,0.2483,0.69036
69,91,2024-02-12T06:15:18.000Z,188.1300048828125,0.8851325849216868,0.36559,0.05573,0.57868
70,100,2024-02-02T17:30:54.000Z,187.91000366210935,0.0,0.0,0.0,0.0
71,93,2024-02-09T22:40:19.000Z,193.57000732421875,0.9458103637627993,0.16834,0.30755,0.52411
72,99,2024-02-08T12:55:00.000Z,189.55999755859375,0.9633299969254916,0.36488,0.01476,0.62036
73,90,2024-02-07T07:01:36.000Z,187.5800018310547,0.9618044261956534,0.05601,0.34836,0.59564
74,92,2024-02-06T11:27:12.000Z,185.1000061035156,0.9381029246447944,0.03306,0.26199,0.70495
75,95,2024-02-05T14:23:04.707Z,181.05999755859375,0.8214634251438194,0.39637,0.01537,0.58826
76,96,2024-02-02T17:30:09.000Z,187.91000366210935,0.9386357255760532,0.0359,0.73261,0.23149
77,720,2024-02-01T07:00:02.000Z,188.86000061035156,0.9720315748862628,0.05593,0.58292,0.36114
78,718,2024-01-30T23:59:46.000Z,191.58999633789065,0.8835611609941395,0.09817,0.36091,0.54092
79,722,2024-01-30T16:30:00.000Z,191.58999633789065,0.8960691156512994,0.29457,0.05617,0.64926
80,101,2024-01-30T01:58:44.000Z,191.58999633789065,0.9635583504752504,0.21416,0.0898,0.69604
81,723,2024-01-26T05:28:47.000Z,183.25,0.9385367294654394,0.00841,0.97313,0.01846
82,725,2024-01-26T00:10:36.884Z,183.25,0.9322534459722928,0.17257,0.0616,0.76583
83,102,2024-01-25T06:22:29.000Z,182.6300048828125,0.8657185737293954,0.04076,0.59433,0.36491
84,724,2024-01-24T22:04:53.000Z,207.8300018310547,0.9186104237997296,0.20749,0.67342,0.11908
85,104,2024-01-12T02:21:53.000Z,218.88999938964844,0.0,0.0,0.0,0.0
86,1321,2024-01-05T15:07:02.000Z,237.4900054931641,0.0,0.0,0.0,0.0
87,729,2024-01-18T16:59:26.187Z,211.8800048828125,0.7548844942868261,0.04879,0.10101,0.8502
88,728,2024-01-16T15:54:32.000Z,219.91000366210935,0.9289580077834956,0.11369,0.49822,0.38809
89,732,2024-01-08T06:04:24.000Z,240.4499969482422,0.8663077438203933,0.09849,0.01943,0.88209
90,731,2024-01-05T12:46:42.000Z,237.4900054931641,0.9041825037558958,0.17865,0.42357,0.39778
91,3510,2023-12-22T12:00:00.000Z,252.5399932861328,0.0,0.0,0.0,0.0
92,1424,2023-12-19T13:18:42.000Z,257.2200012207031,0.0,0.0,0.0,0.0
93,733,2024-01-02T05:24:29.000Z,248.4199981689453,0.8645922735973192,0.52661,0.13971,0.33368
94,1366,2023-12-27T06:02:46.000Z,261.44000244140625,0.951572426225593,0.20936,0.07123,0.71941
95,1320,2023-12-22T02:27:54.000Z,252.5399932861328,0.9776184446696424,0.43579,0.11342,0.45079
96,694,2023-12-19T01:17:00.000Z,257.2200012207031,0.9439123696441296,0.096,0.47577,0.42823
97,688,2023-12-14T18:45:06.000Z,251.0500030517578,0.9615880405539982,0.07055,0.84983,0.07962
98,709,2023-12-13T12:19:28.000Z,239.2899932861328,0.93860055373832,0.12746,0.35915,0.51339
99,3507,2023-12-07T23:33:34.000Z,242.63999938964844,0.0,0.0,0.0,0.0
100,3506,2023-12-04T16:18:26.000Z,235.5800018310547,0.0,0.0,0.0,0.0
101,693,2023-12-08T03:53:51.000Z,243.83999633789065,0.9383974708897824,0.05106,0.45498,0.49396
102,1395,2023-12-06T14:00:00.000Z,239.3699951171875,0.923312632556704,0.33835,0.10165,0.56
103,692,2023-12-06T12:00:00.000Z,239.3699951171875,0.9895835032285754,0.1183,0.27494,0.60676
104,3550,2023-12-05T00:07:40.000Z,238.72000122070312,0.9587391210610492,0.06712,0.38246,0.55042
105,3548,2023-12-04T07:31:51.000Z,235.5800018310547,0.8931144118578379,0.0258,0.38845,0.58575
106,1324,2023-12-01T13:37:36.000Z,238.8300018310547,0.0,0.0,0.0,0.0
107,286,2023-12-01T13:25:27.000Z,238.8300018310547,0.0,0.0,0.0,0.0
108,1323,2023-12-01T00:02:19.000Z,238.8300018310547,0.0,0.0,0.0,0.0
109,1327,2023-11-30T18:08:39.000Z,240.0800018310547,0.0,0.0,0.0,0.0
110,1326,2023-12-01T16:10:51.000Z,238.8300018310547,0.9470264708992938,0.38853,0.23523,0.37624
111,285,2023-12-01T03:52:19.000Z,238.8300018310547,0.880074870190138,0.06165,0.30601,0.63234
112,284,2023-11-28T10:55:45.000Z,246.72000122070312,0.0,0.0,0.0,0.0
113,713,2023-11-27T16:19:55.000Z,236.0800018310547,0.9327032213107328,0.14154,0.52476,0.3337
114,630,2023-11-22T06:24:00.000Z,234.2100067138672,0.9239140928760516,0.23476,0.30977,0.45547
115,627,2023-11-21T02:09:53.000Z,241.1999969482422,0.9694308470162748,0.02735,0.55303,0.41962
116,629,2023-11-15T16:54:17.000Z,242.83999633789065,0.0,0.0,0.0,0.0
117,655,2023-11-14T16:28:59.000Z,237.41000366210935,0.0,0.0,0.0,0.0
118,4067,2023-11-16T17:04:08.000Z,233.58999633789065,0.9127149433237118,0.30448,0.26063,0.43489
119,4109,2023-11-16T00:03:41.000Z,233.58999633789065,0.8978424375886473,0.15554,0.06092,0.78354
120,1293,2023-11-10T12:51:18.000Z,214.6499938964844,0.0,0.0,0.0,0.0
121,651,2023-11-09T06:30:00.000Z,209.97999572753903,0.9869178738169796,0.29731,0.23932,0.46337
122,1291,2023-11-03T00:41:05.000Z,219.9600067138672,0.970228517422007,0.27449,0.02593,0.69958
123,711,2023-11-02T21:47:43.000Z,218.5099945068359,0.9630646078016216,0.1305,0.13875,0.73075
124,1420,2023-11-01T00:10:27.000Z,205.66000366210935,0.884526594791679,0.30662,0.03294,0.66044
125,266,2023-10-23T08:45:21.000Z,212.0800018310547,0.9266800653545282,0.10533,0.24347,0.6512
126,296,2023-10-20T18:05:58.000Z,211.9900054931641,0.8385291209371697,0.06839,0.22832,0.70329
127,3005,2023-10-19T01:16:14.000Z,220.11000061035156,0.9733205644928846,0.3219,0.18495,0.49315
128,3035,2023-10-10T01:00:00.000Z,263.6199951171875,0.0,0.0,0.0,0.0
129,383,2023-10-04T09:11:16.000Z,261.1600036621094,0.0,0.0,0.0,0.0
130,489,2023-09-29T14:30:17.000Z,250.22000122070312,0.0,0.0,0.0,0.0
131,495,2023-09-27T10:52:38.000Z,240.5,0.0,0.0,0.0,0.0
132,1083,2023-10-05T21:31:41.000Z,260.04998779296875,0.9006831780600231,0.03162,0.58626,0.38212
133,1180,2023-09-22T15:00:52.000Z,244.8800048828125,0.9091154069761784,0.36653,0.4508,0.18267
134,478,2023-09-20T14:54:25.000Z,262.5899963378906,0.9524611721709234,0.03708,0.38002,0.5829
135,361,2023-09-19T23:20:52.000Z,266.5,0.921938052339758,0.19021,0.22469,0.58509
136,759,2023-09-11T05:17:36.000Z,273.5799865722656,0.0,0.0,0.0,0.0
137,352,2023-09-18T15:33:54.000Z,265.2799987792969,0.8103371577706586,0.33782,0.1118,0.55038
138,1114,2023-09-18T08:55:46.000Z,265.2799987792969,0.9331485789053064,0.01994,0.66019,0.31987
139,2962,2023-09-15T21:07:02.000Z,274.3900146484375,0.9792268201527332,0.25054,0.21857,0.53088
140,1317,2023-09-15T05:55:30.000Z,274.3900146484375,0.9488476321303256,0.26487,0.31402,0.42111
141,992,2023-09-13T23:57:03.000Z,271.29998779296875,0.9197823495519232,0.15122,0.20878,0.64
142,255,2023-09-13T22:56:32.000Z,271.29998779296875,0.939512303326669,0.4207,0.01562,0.56368
143,648,2023-09-08T09:44:12.000Z,248.5,0.8657185737293954,0.59336,0.09073,0.3159
144,736,2023-08-28T23:37:25.000Z,238.82000732421875,0.0,0.0,0.0,0.0
145,831,2023-08-10T18:14:35.000Z,245.33999633789065,0.0,0.0,0.0,0.0
146,3793,2023-08-16T02:16:52.000Z,225.6000061035156,0.9709680333262576,0.38257,0.15312,0.46431
147,1290,2023-08-11T18:09:14.000Z,242.6499938964844,0.9585108121807038,0.31266,0.0283,0.65904
148,3028,2023-07-31T08:00:00.000Z,267.42999267578125,0.9428871436319536,0.06107,0.1388,0.80014
149,649,2023-07-24T23:56:16.000Z,269.05999755859375,0.9280919064070524,0.20515,0.16895,0.6259
150,622,2023-07-03T20:14:22.000Z,279.82000732421875,0.0,0.0,0.0,0.0
151,201,2023-07-20T04:13:13.000Z,262.8999938964844,0.9237363636674386,0.12029,0.75366,0.12606
152,3837,2023-07-17T16:53:12.000Z,290.3800048828125,0.9209264540865432,0.32037,0.02433,0.6553
153,1100,2023-07-12T19:02:28.000Z,271.989990234375,0.9683683201147658,0.04578,0.40033,0.55389
154,1288,2023-07-11T00:01:00.000Z,269.7900085449219,0.9107672533244452,0.10936,0.05143,0.83921
155,3833,2023-07-06T23:06:08.000Z,276.5400085449219,0.976186771141384,0.214,0.26805,0.51796
156,763,2023-07-06T20:32:21.000Z,276.5400085449219,0.8432081131543484,0.53212,0.00997,0.45791
157,813,2023-07-03T02:18:37.000Z,279.82000732421875,0.927855122884928,0.48568,0.43843,0.07589
158,1265,2023-06-15T03:49:25.000Z,255.8999938964844,0.0,0.0,0.0,0.0
159,152,2023-06-13T01:50:55.000Z,258.7099914550781,0.0,0.0,0.0,0.0
160,734,2023-05-31T14:15:53.000Z,203.92999267578125,0.0,0.0,0.0,0.0
161,1210,2023-06-22T07:02:42.000Z,264.6099853515625,0.919341939098092,0.06403,0.07907,0.8569
162,994,2023-06-21T04:54:10.000Z,259.4599914550781,0.9737116559126556,0.45324,0.08891,0.45785
163,3994,2023-06-05T03:39:55.000Z,217.61000061035156,0.9504874896534812,0.13817,0.32556,0.53627
164,3883,2023-06-01T21:53:44.000Z,207.52000427246097,0.8927130764457419,0.30958,0.41727,0.27314
165,280,2023-06-01T21:15:10.000Z,207.52000427246097,0.9095717146526074,0.26944,0.31168,0.41888
166,1371,2023-05-26T03:37:02.000Z,193.1699981689453,0.0,0.0,0.0,0.0
167,1188,2023-05-25T18:54:28.000Z,184.47000122070312,0.0,0.0,0.0,0.0
168,708,2023-05-23T18:30:39.000Z,185.77000427246097,0.0,0.0,0.0,0.0
169,1331,2023-05-18T07:27:01.000Z,176.88999938964844,0.0,0.0,0.0,0.0
170,3050,2023-05-30T23:05:26.000Z,201.16000366210935,0.9249829211542948,0.12369,0.27611,0.60019
171,475,2023-05-30T11:07:03.000Z,201.16000366210935,0.8967361905939146,0.13673,0.2856,0.57767
172,1410,2023-05-25T00:00:00.000Z,184.47000122070312,0.948343895307224,0.084,0.12276,0.79325
173,597,2023-05-24T10:42:45.000Z,182.8999938964844,0.9546148830903396,0.17108,0.1454,0.68352
174,172,2023-05-17T15:20:11.000Z,173.86000061035156,0.9116827178728028,0.04144,0.44471,0.51386
175,1266,2023-04-21T12:23:23.000Z,165.0800018310547,0.0,0.0,0.0,0.0
176,735,2023-05-16T14:11:58.000Z,166.52000427246094,0.9649454505624966,0.08564,0.08288,0.83148
177,394,2023-05-16T04:50:28.000Z,166.52000427246094,0.9622731326757352,0.02726,0.60572,0.36702
178,862,2023-05-12T14:23:53.000Z,167.97999572753906,0.9591309151004428,0.18126,0.26926,0.54948
179,996,2023-05-11T20:09:05.000Z,172.0800018310547,0.9287738389104834,0.21744,0.27297,0.50959
180,224,2023-04-26T20:26:49.000Z,153.75,0.9904009246858668,0.33693,0.20509,0.45799
181,432,2023-04-26T05:01:06.000Z,153.75,0.9213855190010294,0.47009,0.01589,0.51401
182,1038,2023-04-24T01:57:13.000Z,162.5500030517578,0.907120707504706,0.08295,0.36475,0.5523
183,621,2023-04-14T23:17:46.000Z,185.0,0.0,0.0,0.0,0.0
184,396,2023-04-14T06:58:50.000Z,185.0,0.0,0.0,0.0,0.0
185,178,2023-04-20T04:06:19.000Z,162.99000549316406,0.9559828607984484,0.11888,0.52115,0.35997
186,3801,2023-04-19T21:08:14.000Z,180.58999633789065,0.9428403434239222,0.42305,0.4945,0.08244
187,499,2023-04-13T16:42:38.000Z,185.8999938964844,0.8103371577706586,0.04724,0.03571,0.91705
188,589,2023-04-12T14:36:12.000Z,180.5399932861328,0.8103371577706586,0.03132,0.20896,0.75973
189,459,2023-04-12T13:55:19.000Z,180.5399932861328,0.9090805050810514,0.11793,0.40381,0.47826
190,757,2023-04-12T06:39:07.000Z,180.5399932861328,0.9270925195460084,0.03108,0.0631,0.90582
191,1071,2023-04-12T05:45:51.000Z,180.5399932861328,0.9625577801349308,0.11795,0.30464,0.57741
192,3811,2023-04-05T17:01:49.000Z,185.52000427246097,0.0,0.0,0.0,0.0
193,3993,2023-04-04T06:16:46.000Z,192.5800018310547,0.0,0.0,0.0,0.0
194,235,2023-04-05T09:19:21.000Z,185.52000427246097,0.8939184451551146,0.15121,0.42755,0.42124
195,795,2023-04-04T01:50:01.000Z,192.5800018310547,0.9684975290661976,0.10626,0.53043,0.36331
196,3885,2023-03-29T13:41:32.000Z,193.8800048828125,0.948872700591377,0.06747,0.30133,0.63119
197,3828,2023-03-27T05:07:47.000Z,191.80999755859375,0.0,0.0,0.0,0.0
198,1078,2023-03-15T17:40:25.000Z,180.4499969482422,0.0,0.0,0.0,0.0
199,550,2023-03-03T22:10:26.000Z,197.7899932861328,0.0,0.0,0.0,0.0
200,1045,2023-03-08T02:36:37.000Z,182.0,0.9004849525852507,0.04083,0.40771,0.55146
201,839,2023-03-07T05:08:11.000Z,187.7100067138672,0.9496337735224266,0.09102,0.45471,0.45428
202,868,2023-03-06T16:49:54.000Z,193.80999755859375,0.913737553885234,0.27753,0.39139,0.33108
203,1094,2023-02-17T21:15:37.000Z,208.30999755859375,0.0,0.0,0.0,0.0
204,3825,2023-02-16T19:55:00.000Z,202.0399932861328,0.9604325321892015,0.04247,0.52156,0.43597
205,834,2023-02-16T15:37:28.000Z,202.0399932861328,0.9697410393997318,0.08227,0.64036,0.27737
206,3867,2023-02-16T13:27:49.000Z,202.0399932861328,0.935975026479736,0.02673,0.56364,0.40963
207,743,2023-02-15T06:37:16.000Z,214.2400054931641,0.9755788641574158,0.27074,0.26512,0.46414
208,803,2023-02-14T21:53:33.000Z,209.25,0.9693289847799988,0.10172,0.39465,0.50364
209,1164,2023-02-10T15:34:55.000Z,196.88999938964844,0.8385291209371697,0.06366,0.23316,0.70318
210,3013,2023-02-08T01:22:32.000Z,201.2899932861328,0.0,0.0,0.0,0.0
211,208,2023-02-07T17:12:25.000Z,196.80999755859375,0.0,0.0,0.0,0.0
212,1104,2023-01-31T06:34:59.000Z,173.22000122070312,0.0,0.0,0.0,0.0
213,356,2023-02-03T23:08:49.000Z,189.97999572753903,0.9100188447933268,0.14601,0.34984,0.50415
214,3869,2023-02-03T16:13:35.000Z,189.97999572753903,0.9679797491724088,0.1445,0.4209,0.4346
215,826,2023-02-01T17:52:24.000Z,181.41000366210935,0.9319646144497123,0.18578,0.30362,0.5106
216,195,2023-02-01T12:58:16.000Z,181.41000366210935,0.9804326225016148,0.18911,0.58959,0.2213
217,6009,2023-01-10T04:01:05.000Z,118.8499984741211,0.0,0.0,0.0,0.0
218,3043,2023-01-25T21:40:57.000Z,144.42999267578125,0.9612620969809328,0.47019,0.34964,0.18016
219,993,2023-01-24T17:14:06.000Z,143.88999938964844,0.9024954559101874,0.09378,0.02751,0.87871
220,3875,2023-01-24T08:39:38.000Z,143.88999938964844,0.9635327054247173,0.09074,0.42164,0.48762
221,363,2023-01-23T23:03:37.000Z,143.75,0.974427806060538,0.05565,0.50155,0.4428
222,891,2023-01-17T14:26:59.000Z,131.49000549316406,0.9596223485282924,0.0901,0.30664,0.60326
223,623,2023-01-13T16:32:30.000Z,122.4000015258789,0.93158133006256,0.11346,0.62241,0.26413
224,421,2023-01-11T15:01:03.000Z,123.22000122070312,0.9618993803619372,0.15618,0.65508,0.18874
225,1295,2023-01-04T06:53:10.000Z,113.63999938964844,0.0,0.0,0.0,0.0
226,268,2022-12-30T09:08:40.000Z,123.18000030517578,0.0,0.0,0.0,0.0
227,149,2022-12-27T00:45:37.000Z,109.0999984741211,0.0,0.0,0.0,0.0
228,4115,2023-01-03T03:32:31.000Z,108.0999984741211,0.9306951306745816,0.16986,0.58711,0.24302
229,3768,2022-12-29T15:19:38.000Z,121.81999969482422,0.8996225861932172,0.05112,0.41144,0.53745
230,876,2022-12-28T04:43:39.000Z,112.70999908447266,0.921435255143084,0.14308,0.64297,0.21395
231,691,2022-12-28T02:40:19.000Z,112.70999908447266,0.9117803221463044,0.15193,0.39285,0.45522
232,230,2022-12-19T00:30:14.000Z,149.8699951171875,0.0,0.0,0.0,0.0
233,739,2022-12-16T12:08:39.000Z,150.22999572753906,0.0,0.0,0.0,0.0
234,204,2022-12-20T11:31:06.000Z,137.8000030517578,0.9483359933064608,0.05631,0.31652,0.62718
235,358,2022-12-19T17:15:34.000Z,149.8699951171875,0.955196338638681,0.09326,0.25397,0.65277
236,245,2022-12-19T00:48:42.000Z,149.8699951171875,0.9270925195460084,0.05531,0.11916,0.82554
237,613,2022-12-19T00:24:41.000Z,149.8699951171875,0.9750688571705438,0.11913,0.17382,0.70705
238,1138,2022-12-14T14:20:44.000Z,156.8000030517578,0.0,0.0,0.0,0.0
239,278,2022-12-14T19:07:38.000Z,156.8000030517578,0.9387169650117256,0.04854,0.51939,0.43207
240,465,2022-12-14T14:22:06.000Z,156.8000030517578,0.9199138914209766,0.42399,0.01449,0.56152
241,619,2022-12-13T16:50:45.000Z,160.9499969482422,0.9495933686256148,0.08511,0.60848,0.30641
242,167,2022-12-12T19:00:08.000Z,167.82000732421875,0.8875038413502293,0.02222,0.52615,0.45163
243,1187,2022-12-08T02:06:14.000Z,173.44000244140625,0.9061791439002632,0.05552,0.3453,0.59918
244,644,2022-12-07T18:49:15.000Z,174.0399932861328,0.908639965497962,0.07744,0.36232,0.56025
245,177,2022-12-07T14:26:19.000Z,174.0399932861328,0.9290176494268818,0.11427,0.29245,0.59328
246,274,2022-12-05T12:08:29.000Z,182.4499969482422,0.0,0.0,0.0,0.0
247,3299,2022-12-02T12:12:11.000Z,194.86000061035156,0.0,0.0,0.0,0.0
248,1402,2022-11-29T11:06:34.000Z,180.8300018310547,0.0,0.0,0.0,0.0
249,1193,2022-12-06T19:28:57.000Z,179.82000732421875,0.9426391473351668,0.16412,0.43495,0.40093
250,111,2022-12-06T17:20:22.000Z,179.82000732421875,0.940885698592504,0.02022,0.89703,0.08275
251,3789,2022-12-05T00:42:01.000Z,182.4499969482422,0.937634054350719,0.10431,0.27676,0.61893
252,355,2022-12-02T18:29:54.000Z,194.86000061035156,0.9406723865812128,0.0322,0.43131,0.53648
253,1134,2022-11-30T02:59:28.000Z,194.6999969482422,0.9396692752094112,0.02228,0.75227,0.22545
254,223,2022-11-18T01:46:32.000Z,180.19000244140625,0.0,0.0,0.0,0.0
255,717,2022-11-17T12:42:19.000Z,183.1699981689453,0.0,0.0,0.0,0.0
256,985,2022-11-14T17:05:17.000Z,190.9499969482422,0.0,0.0,0.0,0.0
257,3040,2022-11-21T17:29:55.000Z,167.8699951171875,0.9405333942119196,0.35678,0.03794,0.60528
258,983,2022-11-16T14:39:18.000Z,186.9199981689453,0.975349913098141,0.08074,0.29828,0.62098
259,865,2022-11-14T16:56:33.000Z,190.9499969482422,0.9169890321390028,0.18595,0.47949,0.33456
260,740,2022-11-11T00:29:56.000Z,195.97000122070312,0.8432081131543484,0.03294,0.02919,0.93787
261,252,2022-11-03T12:58:16.000Z,215.30999755859375,0.0,0.0,0.0,0.0
262,6012,2022-11-02T15:57:03.000Z,214.97999572753903,0.0,0.0,0.0,0.0
263,943,2022-11-09T02:22:22.000Z,177.58999633789062,0.9720037721251796,0.00706,0.97183,0.02111
264,742,2022-11-08T14:27:47.000Z,191.3000030517578,0.9164769563450998,0.0195,0.88746,0.09304
265,818,2022-11-08T04:28:32.000Z,191.3000030517578,0.9761574435781208,0.81703,0.01087,0.1721
266,940,2022-11-04T20:34:09.000Z,207.47000122070312,0.9640798277255168,0.05999,0.56142,0.37859
267,251,2022-11-01T19:33:50.000Z,227.82000732421875,0.9180018235229508,0.05559,0.55571,0.38871
268,604,2022-10-28T01:41:31.000Z,228.52000427246097,0.0,0.0,0.0,0.0
269,559,2022-10-24T04:06:34.000Z,211.25,0.0,0.0,0.0,0.0
270,741,2022-10-31T17:47:47.000Z,227.5399932861328,0.9239149059695316,0.12889,0.30295,0.56817
271,249,2022-10-31T02:22:14.000Z,227.5399932861328,0.9401273639122188,0.02612,0.47668,0.4972
272,849,2022-10-28T14:00:58.000Z,228.52000427246097,0.9562081380876148,0.10429,0.48822,0.40749
273,1405,2022-10-28T01:08:18.000Z,228.52000427246097,0.9363974291327962,0.02665,0.55127,0.42209
274,439,2022-10-19T20:50:04.000Z,222.0399932861328,0.9532070129962144,0.21911,0.47556,0.30533
275,3782,2022-10-14T23:26:02.000Z,204.9900054931641,0.928147496897876,0.20738,0.28572,0.50689
276,881,2022-10-14T12:30:36.000Z,204.9900054931641,0.8890746178764982,0.02481,0.46025,0.51494
277,1400,2022-10-10T00:00:00.000Z,222.9600067138672,0.0,0.0,0.0,0.0
278,1057,2022-10-07T11:49:41.000Z,223.07000732421875,0.0,0.0,0.0,0.0
279,411,2022-10-12T19:23:56.000Z,217.2400054931641,0.9444984281314064,0.0484,0.54806,0.40354
280,1202,2022-10-12T07:22:45.000Z,217.2400054931641,0.9446533774365338,0.09509,0.36403,0.54088
281,180,2022-10-10T23:08:43.000Z,222.9600067138672,0.9816419393611772,0.2583,0.10716,0.63454
282,3511,2022-10-10T03:43:17.000Z,222.9600067138672,0.9842824378818597,0.36951,0.20764,0.42285
283,2992,2022-10-07T23:46:06.000Z,223.07000732421875,0.946939393633466,0.13523,0.1206,0.74417
284,843,2022-10-06T20:25:11.000Z,238.1300048828125,0.9072926292331934,0.03983,0.58491,0.37525
285,819,2022-10-04T23:16:55.000Z,249.44000244140625,0.0,0.0,0.0,0.0
286,3906,2022-09-22T23:06:38.000Z,288.5899963378906,0.0,0.0,0.0,0.0
287,1403,2022-10-04T16:30:07.000Z,249.44000244140625,0.9758827385096628,0.12799,0.53356,0.33845
288,898,2022-10-04T03:31:19.000Z,249.44000244140625,0.9375182875968756,0.13873,0.31711,0.54416
289,404,2022-08-29T14:35:32.000Z,284.82000732421875,0.0,0.0,0.0,0.0
290,603,2022-08-26T03:03:58.000Z,288.0899963378906,0.0,0.0,0.0,0.0
291,650,2022-08-25T17:48:17.000Z,296.07000732421875,0.0,0.0,0.0,0.0
292,782,2022-08-23T12:02:22.000Z,296.4533386230469,0.0,0.0,0.0,0.0
293,219,2022-09-06T00:41:54.000Z,274.4200134277344,0.966169482846508,0.23528,0.13419,0.63053
294,1036,2022-08-31T08:37:12.000Z,275.6099853515625,0.8432081131543484,0.0256,0.45092,0.52348
295,1021,2022-08-23T18:38:12.000Z,296.4533386230469,0.9655727336334228,0.0503,0.61008,0.33963
296,121,2022-08-22T22:33:35.000Z,289.913330078125,0.9518070632949708,0.05951,0.5671,0.37339
297,1289,2022-08-16T08:10:15.000Z,306.5633239746094,0.0,0.0,0.0,0.0
298,3876,2022-08-15T07:07:51.000Z,309.32000732421875,0.0,0.0,0.0,0.0
299,449,2022-08-11T17:47:04.000Z,286.6300048828125,0.0,0.0,0.0,0.0
300,4230,2022-07-20T13:37:18.000Z,247.5,0.0,0.0,0.0,0.0
301,859,2022-08-17T07:47:35.000Z,303.9966735839844,0.9295581700008788,0.04935,0.34624,0.60441
302,624,2022-08-10T04:09:43.000Z,294.3566589355469,0.9483358728112508,0.02269,0.81501,0.16231
303,139,2022-07-25T03:48:44.000Z,268.4333190917969,0.9181887856492504,0.02963,0.61381,0.35655
304,574,2022-07-20T22:48:02.000Z,247.5,0.9583927348907768,0.04586,0.3249,0.62924
305,113,2022-07-13T18:12:25.000Z,237.0399932861328,0.0,0.0,0.0,0.0
306,695,2022-07-07T13:29:14.000Z,244.5433349609375,0.0,0.0,0.0,0.0
307,1150,2022-07-12T21:25:30.000Z,233.07000732421875,0.9787540073051008,0.1037,0.55037,0.34593
308,3886,2022-07-12T15:31:10.000Z,233.07000732421875,0.9674801858242468,0.26101,0.30006,0.43893
309,1016,2022-07-11T13:39:22.000Z,234.3433380126953,0.9866984108242318,0.1618,0.3984,0.4398
310,156,2022-07-08T21:33:54.000Z,250.76333618164065,0.942251603285818,0.03562,0.59734,0.36705
311,148,2022-07-07T17:51:51.000Z,244.5433349609375,0.9438932438619716,0.03214,0.41002,0.55783
312,3850,2022-06-22T21:18:16.000Z,236.086669921875,0.0,0.0,0.0,0.0
313,211,2022-06-22T18:12:34.000Z,236.086669921875,0.0,0.0,0.0,0.0
314,1399,2022-06-22T01:15:00.000Z,236.086669921875,0.0,0.0,0.0,0.0
315,435,2022-06-24T04:18:38.000Z,245.7066650390625,0.9470176361060972,0.11935,0.72685,0.1538
316,1257,2022-06-24T03:28:51.000Z,245.7066650390625,0.952218215296088,0.08766,0.31047,0.60187
317,823,2022-06-23T04:22:10.000Z,235.07000732421875,0.9835538601282816,0.04277,0.79401,0.16323
318,107,2022-06-21T12:52:16.000Z,237.0366668701172,0.9368194082626232,0.03246,0.34828,0.61926
319,610,2022-06-16T20:13:21.000Z,213.1000061035156,0.0,0.0,0.0,0.0
320,1224,2022-06-14T13:34:25.000Z,220.88999938964844,0.0,0.0,0.0,0.0
321,789,2022-06-13T23:18:58.000Z,215.73666381835935,0.0,0.0,0.0,0.0
322,1258,2022-06-03T13:07:03.000Z,234.51666259765625,0.0,0.0,0.0,0.0
323,2997,2022-06-14T02:12:04.000Z,220.88999938964844,0.923194672977823,0.02509,0.65254,0.32238
324,1073,2022-06-09T23:00:19.000Z,239.7066650390625,0.9780485573991462,0.05922,0.58124,0.35954
325,127,2022-06-06T14:16:19.000Z,238.27999877929688,0.934578990937894,0.19724,0.49064,0.31212
326,799,2022-06-01T16:24:45.000Z,246.7899932861328,0.960516173516528,0.0938,0.25804,0.64816
327,190,2022-05-27T04:45:11.000Z,253.2100067138672,0.9060959385323604,0.02017,0.7151,0.26472
328,714,2022-05-20T21:33:43.000Z,221.3000030517578,0.9846865317083772,0.01764,0.86762,0.11474
329,814,2022-05-17T09:39:47.000Z,253.8699951171875,0.9419854146394824,0.09811,0.49088,0.41101
330,966,2022-05-16T23:05:24.000Z,241.4566650390625,0.9102670977703315,0.31944,0.08314,0.59742
331,108,2022-05-16T17:30:26.000Z,241.4566650390625,0.9508489475802916,0.07968,0.70631,0.21401
332,788,2022-05-13T10:02:25.000Z,256.5299987792969,0.9453036313474992,0.06931,0.62629,0.30441
333,364,2022-05-13T02:34:25.000Z,256.5299987792969,0.9057239783445308,0.09599,0.43258,0.47144
334,596,2022-05-09T23:05:24.000Z,262.3699951171875,0.0,0.0,0.0,0.0
335,3846,2022-05-05T20:19:26.000Z,291.09332275390625,0.0,0.0,0.0,0.0
336,122,2022-05-11T03:17:08.000Z,244.6666717529297,0.9642880293733548,0.01946,0.9111,0.06945
337,715,2022-05-10T17:59:58.000Z,266.67999267578125,0.979548928917198,0.10534,0.39513,0.49952
338,997,2022-05-09T18:36:28.000Z,262.3699951171875,0.9459897161742774,0.52787,0.12383,0.34829
339,367,2022-05-05T23:01:07.000Z,291.09332275390625,0.946030619876907,0.44454,0.20336,0.3521
340,1406,2022-05-05T14:53:56.000Z,291.09332275390625,0.9552231021564808,0.33883,0.20968,0.45149
341,978,2022-05-05T01:05:23.000Z,291.09332275390625,0.93338643725149,0.10148,0.39348,0.50504
342,119,2022-05-02T23:00:54.000Z,300.9800109863281,0.0,0.0,0.0,0.0
343,4116,2022-04-29T04:02:58.000Z,290.2533264160156,0.9130619365935444,0.00941,0.94868,0.04191
344,2994,2022-04-28T23:13:12.000Z,292.5033264160156,0.9662989746051156,0.245,0.28523,0.46977
345,3827,2022-04-28T13:38:17.000Z,292.5033264160156,0.891890987256178,0.33808,0.18239,0.47953
346,1228,2022-04-28T04:14:28.000Z,292.5033264160156,0.9392866669905676,0.01603,0.84457,0.1394
347,4118,2022-04-27T06:58:47.000Z,293.836669921875,0.9257856908472,0.08938,0.16585,0.74477
348,896,2022-04-27T05:04:52.000Z,293.836669921875,0.911971669589193,0.28451,0.02692,0.68857
349,3887,2022-04-25T09:39:07.000Z,332.67333984375,0.0,0.0,0.0,0.0
350,109,2022-04-26T22:26:34.000Z,292.1400146484375,0.946954434759855,0.21601,0.29801,0.48598
351,1401,2022-04-26T16:58:44.000Z,292.1400146484375,0.9041388019132148,0.11645,0.24786,0.63569
352,1404,2022-04-26T05:41:38.000Z,292.1400146484375,0.9681607673014052,0.12442,0.41024,0.46535
353,957,2022-04-25T23:40:31.000Z,332.67333984375,0.9096673115675588,0.16797,0.4731,0.35893
354,1146,2022-04-25T23:17:01.000Z,332.67333984375,0.9145136717172374,0.3769,0.16917,0.45392
355,942,2022-04-25T19:38:22.000Z,332.67333984375,0.9542871104718864,0.07226,0.22834,0.6994
356,3882,2022-04-25T18:54:50.000Z,332.67333984375,0.9202275414540158,0.19119,0.29026,0.51855
357,923,2022-04-25T12:02:04.000Z,332.67333984375,0.9690758615906876,0.18317,0.14604,0.67079
358,4229,2022-04-18T20:19:14.000Z,334.7633361816406,0.0,0.0,0.0,0.0
359,872,2022-04-11T23:51:39.000Z,325.30999755859375,0.0,0.0,0.0,0.0
360,3034,2022-04-21T05:04:44.000Z,336.260009765625,0.9243670249962096,0.21628,0.5098,0.27392
361,3842,2022-04-20T21:29:08.000Z,325.73333740234375,0.854096057775219,0.42738,0.4787,0.09392
362,126,2022-04-19T19:15:11.000Z,342.7166748046875,0.9126537469136712,0.10817,0.4239,0.46792
363,3815,2022-04-14T10:38:29.000Z,328.3333435058594,0.9498512002866808,0.15646,0.17588,0.66766
364,272,2022-04-12T12:36:18.000Z,328.98333740234375,0.9320241166883032,0.06034,0.1951,0.74456
365,409,2022-04-05T23:52:47.000Z,363.7533264160156,0.0,0.0,0.0,0.0
366,1425,2022-04-04T14:38:51.000Z,381.8166809082031,0.0,0.0,0.0,0.0
367,987,2022-04-04T07:28:57.000Z,381.8166809082031,0.0,0.0,0.0,0.0
368,482,2022-04-08T16:50:02.000Z,341.8299865722656,0.9457975745468878,0.16302,0.17495,0.66203
369,116,2022-04-05T13:23:11.000Z,363.7533264160156,0.947418800695396,0.23119,0.39957,0.36925
370,295,2022-04-05T13:19:05.000Z,363.7533264160156,0.9501317180367548,0.04523,0.35891,0.59585
371,175,2022-04-05T10:04:21.000Z,363.7533264160156,0.9400594109309732,0.18784,0.60122,0.21094
372,1118,2022-04-04T11:03:27.000Z,381.8166809082031,0.9834541338534027,0.09421,0.02247,0.88332
373,3010,2022-04-04T03:28:03.000Z,381.8166809082031,0.9407745203190344,0.52406,0.39186,0.08408
374,229,2022-03-28T20:28:39.000Z,363.9466552734375,0.0,0.0,0.0,0.0
375,3918,2022-03-10T23:52:27.000Z,279.4333190917969,0.0,0.0,0.0,0.0
376,4231,2022-03-08T00:00:00.000Z,274.79998779296875,0.0,0.0,0.0,0.0
377,393,2022-03-01T19:19:28.000Z,288.1233215332031,0.0,0.0,0.0,0.0
378,299,2022-03-22T15:03:59.000Z,331.32666015625,0.9312924655600638,0.29362,0.48322,0.22315
379,1365,2022-02-23T00:00:01.000Z,254.67999267578125,0.9065122302342874,0.13863,0.0947,0.76666
380,618,2022-02-18T13:07:34.000Z,285.6600036621094,0.9330438416171128,0.05506,0.56135,0.38358
381,1201,2022-02-10T17:26:01.000Z,301.51666259765625,0.0,0.0,0.0,0.0
382,3804,2022-02-04T00:02:46.000Z,307.7733459472656,0.0,0.0,0.0,0.0
383,254,2022-02-01T06:42:39.000Z,310.4166564941406,0.0,0.0,0.0,0.0
384,303,2022-02-15T16:05:42.000Z,307.4766540527344,0.9542881504589849,0.17618,0.22729,0.59653
385,3002,2022-02-10T11:26:49.000Z,301.51666259765625,0.9668347044061616,0.03846,0.7479,0.21364
386,1239,2022-02-02T16:04:27.000Z,301.88665771484375,0.9577580127103432,0.07315,0.39311,0.53373
387,106,2022-01-27T14:17:48.000Z,276.3666687011719,0.971232825641771,0.13357,0.12147,0.74497
388,3872,2022-01-27T03:00:09.000Z,276.3666687011719,0.9256245440167684,0.59844,0.01467,0.38689
389,1274,2022-01-19T00:05:46.000Z,331.8833312988281,0.0,0.0,0.0,0.0
390,4212,2022-01-06T00:00:00.000Z,354.8999938964844,0.0,0.0,0.0,0.0
391,790,2022-01-26T00:06:28.000Z,312.4700012207031,0.9619703081582758,0.2336,0.13887,0.62753
392,1129,2022-01-24T16:32:25.000Z,310.0,0.9270987506680036,0.08278,0.76958,0.14764
393,217,2022-01-14T17:13:25.000Z,349.8699951171875,0.9114992258721708,0.28496,0.02177,0.69327
394,779,2022-01-10T15:53:01.000Z,352.7066650390625,0.9581560793948268,0.10353,0.25929,0.63718
395,886,2022-01-06T00:00:53.000Z,354.8999938964844,0.9273347213771014,0.40235,0.30734,0.29031
396,700,2022-01-04T00:00:00.000Z,383.1966552734375,0.0,0.0,0.0,0.0
397,221,2022-01-03T23:59:33.000Z,399.9266662597656,0.0,0.0,0.0,0.0
398,4072,2021-12-31T12:14:10.000Z,352.260009765625,0.0,0.0,0.0,0.0
399,599,2021-12-30T13:47:53.000Z,356.7799987792969,0.0,0.0,0.0,0.0
400,487,2021-12-29T06:51:51.000Z,362.0633239746094,0.0,0.0,0.0,0.0
401,3032,2022-01-04T02:26:24.000Z,383.1966552734375,0.9455061534729314,0.23535,0.46925,0.29539
402,866,2021-12-30T16:29:12.000Z,356.7799987792969,0.9658322966587244,0.01004,0.93885,0.05111
403,118,2021-12-28T03:42:57.000Z,362.8233337402344,0.9755252715755116,0.01515,0.84104,0.14381
404,4071,2021-12-21T18:10:25.000Z,312.84332275390625,0.0,0.0,0.0,0.0
405,262,2021-12-21T00:22:32.000Z,312.84332275390625,0.0,0.0,0.0,0.0
406,793,2021-12-20T00:46:44.000Z,299.9800109863281,0.0,0.0,0.0,0.0
407,1238,2021-12-17T11:17:08.000Z,310.8566589355469,0.0,0.0,0.0,0.0
408,191,2021-12-22T17:03:11.000Z,336.2900085449219,0.8374358794445317,0.02505,0.56688,0.40807
409,642,2021-12-20T18:56:27.000Z,299.9800109863281,0.984072736328204,0.12992,0.16943,0.70065
410,420,2021-12-17T00:43:08.000Z,310.8566589355469,0.9242873113727268,0.09263,0.10306,0.80431
411,414,2021-12-13T00:00:31.000Z,322.13665771484375,0.0,0.0,0.0,0.0
412,1385,2021-12-07T14:06:38.000Z,350.5833435058594,0.0,0.0,0.0,0.0
413,485,2021-11-29T10:37:08.000Z,378.9966735839844,0.0,0.0,0.0,0.0
414,427,2021-12-15T00:33:40.000Z,325.3299865722656,0.9101514916141308,0.01489,0.84814,0.13697
415,752,2021-12-13T14:14:36.000Z,322.13665771484375,0.939512303326669,0.06287,0.5454,0.39173
416,3024,2021-12-07T13:07:31.000Z,350.5833435058594,0.9166330360246788,0.02602,0.69436,0.27963
417,3809,2021-12-01T13:19:20.000Z,365.0,0.9619751267241172,0.03834,0.48698,0.47468
418,261,2021-12-01T03:53:01.000Z,365.0,0.9285229958300308,0.0495,0.4195,0.531
419,662,2021-11-30T01:00:00.000Z,381.586669921875,0.8771867250830956,0.24296,0.05127,0.70577
420,1007,2021-11-18T17:46:11.000Z,365.4599914550781,0.0,0.0,0.0,0.0
421,399,2021-11-12T10:41:27.000Z,344.47332763671875,0.0,0.0,0.0,0.0
422,922,2021-11-24T17:46:42.000Z,372.0,0.8385291209371697,0.02009,0.87192,0.10799
423,928,2021-11-19T19:40:41.000Z,379.0199890136719,0.9662933346736492,0.02438,0.80438,0.17123
424,384,2021-11-17T12:09:59.000Z,363.0033264160156,0.9446315393875284,0.12677,0.43416,0.43907
425,146,2021-11-11T03:04:10.000Z,354.5033264160156,0.94041095696484,0.09822,0.13263,0.76915
426,631,2021-11-04T06:52:07.000Z,409.9700012207031,0.0,0.0,0.0,0.0
427,706,2021-11-01T22:59:49.000Z,402.86334228515625,0.0,0.0,0.0,0.0
428,3033,2021-11-09T12:43:27.000Z,341.1666564941406,0.9039432525038748,0.11539,0.27163,0.61299
429,147,2021-11-08T15:09:31.000Z,387.6466674804687,0.9352074242712054,0.02935,0.27599,0.69467
430,298,2021-11-02T13:52:02.000Z,390.6666564941406,0.9103909814478824,0.62773,0.00982,0.36245
431,3009,2021-11-02T11:28:54.000Z,390.6666564941406,0.9406723865812128,0.04951,0.54635,0.40415
432,984,2021-11-02T09:24:52.000Z,390.6666564941406,0.9710656119825548,0.28695,0.12938,0.58366
433,1183,2021-10-29T15:28:56.000Z,371.3333435058594,0.0,0.0,0.0,0.0
434,1039,2021-10-29T13:55:30.000Z,371.3333435058594,0.0,0.0,0.0,0.0
435,595,2021-10-27T16:58:49.000Z,345.9533386230469,0.0,0.0,0.0,0.0
436,646,2021-10-14T23:40:01.000Z,272.7733459472656,0.0,0.0,0.0,0.0
437,3824,2021-10-25T19:50:20.000Z,341.6199951171875,0.923805254180297,0.41982,0.1455,0.43467
438,738,2021-10-25T12:24:39.000Z,341.6199951171875,0.9389466047431572,0.11826,0.38685,0.49489
439,1379,2021-10-25T00:02:20.000Z,341.6199951171875,0.9101717509424648,0.31001,0.14993,0.54006
440,568,2021-10-21T09:27:33.000Z,298.0,0.9584632692419828,0.81253,0.02307,0.1644
441,174,2021-10-15T13:18:56.000Z,281.010009765625,0.941582164532936,0.10516,0.35926,0.53559
442,766,2021-10-08T16:09:37.000Z,261.8299865722656,0.0,0.0,0.0,0.0
443,1251,2021-09-27T23:21:34.000Z,263.78668212890625,0.0,0.0,0.0,0.0
444,4214,2021-09-21T00:00:00.000Z,246.4600067138672,0.0,0.0,0.0,0.0
445,470,2021-09-13T16:28:11.000Z,247.6666717529297,0.0,0.0,0.0,0.0
446,154,2021-10-08T03:00:22.000Z,261.8299865722656,0.8827857254566444,0.13137,0.27041,0.59821
447,888,2021-10-05T15:10:09.000Z,260.1966552734375,0.9631336624194132,0.25636,0.45335,0.29029
448,189,2021-09-24T17:26:00.000Z,258.1300048828125,0.9455096525909202,0.05888,0.1344,0.80671
449,921,2021-09-23T12:46:35.000Z,251.2133331298828,0.9522011735672228,0.15187,0.36747,0.48066
450,1271,2021-09-01T23:40:36.000Z,244.69667053222656,0.0,0.0,0.0,0.0
451,486,2021-08-23T15:09:18.000Z,235.4333343505859,0.0,0.0,0.0,0.0
452,3800,2021-08-19T09:52:23.000Z,224.4900054931641,0.0,0.0,0.0,0.0
453,744,2021-08-27T15:24:22.000Z,237.30667114257812,0.9326938744506432,0.05828,0.34747,0.59425
454,1199,2021-08-17T23:05:40.000Z,221.90333557128903,0.9755159520785528,0.21579,0.26328,0.52093
455,1191,2021-08-16T18:52:14.000Z,228.72332763671875,0.9524611721709234,0.16624,0.35368,0.48007
456,745,2021-08-16T14:58:17.000Z,228.72332763671875,0.956804672012879,0.0578,0.31682,0.62538
457,194,2021-08-12T23:41:59.000Z,240.75,0.9187042737285308,0.07739,0.01768,0.90494
458,1085,2021-08-06T20:43:50.000Z,233.03334045410156,0.0,0.0,0.0,0.0
459,1048,2021-08-02T02:04:04.000Z,236.55667114257812,0.0,0.0,0.0,0.0
460,1091,2021-07-27T23:06:31.000Z,214.9266662597656,0.0,0.0,0.0,0.0
461,385,2021-08-04T03:10:51.000Z,236.97332763671875,0.960303817837402,0.12024,0.48297,0.39679
462,493,2021-07-26T20:30:01.000Z,219.2066650390625,0.8959795422256276,0.43396,0.39455,0.17149
463,3989,2021-07-26T17:30:59.000Z,219.2066650390625,0.9547657529192072,0.0427,0.24392,0.71338
464,654,2021-07-16T08:54:44.000Z,214.7400054931641,0.0,0.0,0.0,0.0
465,988,2021-07-22T09:55:01.000Z,216.4199981689453,0.974843882069886,0.25107,0.28911,0.45981
466,334,2021-07-22T02:38:32.000Z,216.4199981689453,0.9487815153652384,0.44137,0.12694,0.43169
467,645,2021-07-15T14:10:27.000Z,216.86666870117188,0.9296737040738632,0.02781,0.70811,0.26407
468,387,2021-07-15T05:16:28.000Z,216.86666870117188,0.9493097988076732,0.43324,0.02,0.54676
469,3862,2021-07-12T21:01:12.000Z,228.5666656494141,0.900873519270629,0.17971,0.41025,0.41004
470,2979,2021-06-28T23:49:47.000Z,229.5733337402344,0.0,0.0,0.0,0.0
471,765,2021-06-22T23:10:58.000Z,207.90333557128903,0.0,0.0,0.0,0.0
472,944,2021-07-09T13:52:23.000Z,218.98333740234375,0.923641089956591,0.14153,0.07332,0.78515
473,3847,2021-07-09T12:23:21.000Z,218.98333740234375,0.9103034414228078,0.15517,0.05578,0.78905
474,265,2021-07-08T15:33:31.000Z,217.60333251953125,0.981900622198321,0.46843,0.01776,0.51381
475,3870,2021-07-08T10:26:07.000Z,217.60333251953125,0.9653251475855336,0.11531,0.025,0.85969
476,780,2021-07-07T13:04:30.000Z,214.88333129882812,0.9407337368149984,0.12305,0.21643,0.66052
477,864,2021-06-29T18:22:19.000Z,226.9199981689453,0.9536612664121308,0.41787,0.01038,0.57175
478,1184,2021-06-09T23:41:59.000Z,199.5933380126953,0.0,0.0,0.0,0.0
479,140,2021-06-08T01:12:59.000Z,201.19667053222656,0.0,0.0,0.0,0.0
480,3767,2021-05-27T12:23:40.000Z,210.28334045410156,0.0,0.0,0.0,0.0
481,580,2021-06-14T23:38:27.000Z,205.89666748046875,0.9476207796022812,0.56659,0.04627,0.38713
482,186,2021-06-02T13:58:31.000Z,201.7066650390625,0.9132079432368077,0.05175,0.40884,0.53941
483,2984,2021-05-28T15:18:59.000Z,208.4066619873047,0.9406723865812128,0.15627,0.62874,0.21499
484,335,2021-05-28T12:31:29.000Z,208.4066619873047,0.937594089717634,0.0521,0.32804,0.61987
485,402,2021-05-26T13:05:04.000Z,206.3766632080078,0.9510806643650378,0.41362,0.02193,0.56445
486,336,2021-05-25T13:32:50.000Z,201.56333923339844,0.0,0.0,0.0,0.0
487,605,2021-05-19T16:18:06.000Z,187.82000732421875,0.0,0.0,0.0,0.0
488,492,2021-05-19T10:15:14.000Z,187.82000732421875,0.0,0.0,0.0,0.0
489,3046,2021-05-14T13:44:38.000Z,196.5800018310547,0.0,0.0,0.0,0.0
490,456,2021-05-25T11:13:47.000Z,201.56333923339844,0.937886046270643,0.0096,0.951,0.0394
491,380,2021-05-20T11:00:50.000Z,195.5933380126953,0.9118670271085212,0.1852,0.10341,0.71139
492,564,2021-05-18T12:06:06.000Z,192.6233367919922,0.9261366519986532,0.25045,0.43172,0.31783
493,840,2021-05-14T10:52:42.000Z,196.5800018310547,0.937633830764978,0.5736,0.13126,0.29515
494,181,2021-05-13T14:59:28.000Z,190.56333923339844,0.0,0.0,0.0,0.0
495,696,2021-05-10T00:00:00.000Z,209.67999267578125,0.0,0.0,0.0,0.0
496,6010,2021-04-29T10:46:31.000Z,225.6666717529297,0.0,0.0,0.0,0.0
497,3017,2021-04-27T10:42:54.000Z,234.913330078125,0.0,0.0,0.0,0.0
498,794,2021-05-13T02:35:43.000Z,190.56333923339844,0.9465079077244316,0.25414,0.21475,0.5311
499,462,2021-05-11T12:33:40.000Z,205.73333740234375,0.9846865317083772,0.0226,0.53382,0.44358
500,469,2021-05-10T03:24:53.000Z,209.67999267578125,0.9114992258721708,0.49026,0.11429,0.39545
501,1018,2021-04-28T03:20:05.000Z,231.46665954589844,0.8957275611551795,0.09692,0.23176,0.60466
502,1074,2021-04-26T22:38:00.000Z,246.0666656494141,0.0,0.0,0.0,0.0
503,1244,2021-04-23T16:54:45.000Z,243.13333129882812,0.0,0.0,0.0,0.0
504,1147,2021-04-23T01:16:10.000Z,243.13333129882812,0.978098114605577,0.07092,0.45525,0.47383
505,279,2021-04-22T13:13:49.000Z,239.89666748046875,0.9776694035667745,0.13497,0.32243,0.5426
506,1080,2021-04-22T01:04:23.000Z,239.89666748046875,0.9775171606510612,0.313,0.26742,0.41958
507,1000,2021-04-19T23:11:46.000Z,238.2100067138672,0.8321819335257085,0.02923,0.15778,0.813
508,1113,2021-04-19T10:23:44.000Z,238.2100067138672,0.9425117781123524,0.08117,0.59888,0.31995
509,1022,2021-04-15T03:24:55.000Z,246.28334045410156,0.9716209236717844,0.25405,0.01502,0.73093
510,429,2021-04-08T13:51:43.000Z,227.9333343505859,0.0,0.0,0.0,0.0
511,1167,2021-04-06T23:01:05.000Z,230.5399932861328,0.0,0.0,0.0,0.0
512,1072,2021-03-24T22:23:46.000Z,210.08999633789065,0.0,0.0,0.0,0.0
513,3007,2021-04-08T20:12:29.000Z,227.9333343505859,0.9696711691476466,0.3397,0.11824,0.54206
514,192,2021-04-08T04:45:21.000Z,227.9333343505859,0.9378730274311752,0.25385,0.19907,0.54707
515,825,2021-03-31T02:36:09.000Z,222.6433258056641,0.9032086216235814,0.37062,0.01326,0.61612
516,3803,2021-03-26T12:13:33.000Z,206.23666381835935,0.0,0.04049,0.02539,0.93412
517,3792,2021-03-24T09:49:40.000Z,210.08999633789065,0.923689602826051,0.12087,0.36939,0.50974
518,368,2021-03-24T03:16:38.000Z,210.08999633789065,0.9188370600660348,0.36508,0.04347,0.59145
519,1273,2021-03-19T01:48:20.000Z,218.2899932861328,0.0,0.0,0.0,0.0
520,150,2021-03-10T02:30:46.000Z,222.68666076660156,0.0,0.0,0.0,0.0
521,1195,2021-03-05T08:31:57.000Z,199.3166656494141,0.0,0.0,0.0,0.0
522,3051,2021-03-18T23:15:58.000Z,217.72000122070312,0.9276719265043424,0.16355,0.1177,0.71875
523,1263,2021-03-18T09:20:59.000Z,217.72000122070312,0.9365072689454668,0.3593,0.35133,0.28937
524,377,2021-03-16T00:15:38.000Z,225.6266632080078,0.9154852169198756,0.14026,0.20853,0.65121
525,386,2021-03-15T14:47:19.000Z,235.97999572753903,0.8962302216238478,0.00972,0.93598,0.0543
526,760,2021-03-04T00:05:00.000Z,207.14666748046875,0.0,0.0,0.0,0.0
527,1175,2021-02-25T16:53:07.000Z,227.4066619873047,0.0,0.0,0.0,0.0
528,395,2021-02-24T21:22:12.000Z,247.33999633789065,0.0,0.0,0.0,0.0
529,412,2021-02-24T08:20:01.000Z,247.33999633789065,0.0,0.0,0.0,0.0
530,424,2021-03-02T05:18:58.000Z,228.81333923339844,0.9765054669464208,0.43935,0.04789,0.51275
531,341,2021-02-25T03:20:54.000Z,227.4066619873047,0.8957385963108807,0.41485,0.15883,0.42631
532,1171,2021-02-24T13:01:08.000Z,247.33999633789065,0.9251877399064036,0.01313,0.89501,0.09186
533,1151,2021-02-24T04:24:58.000Z,247.33999633789065,0.954582026248448,0.16389,0.04179,0.79432
534,1192,2021-02-19T13:04:48.000Z,260.4333190917969,0.0,0.0,0.0,0.0
535,1002,2021-02-16T15:15:59.000Z,265.40667724609375,0.0,0.0,0.0,0.0
536,964,2021-02-11T06:46:34.000Z,270.5533447265625,0.0,0.0,0.0,0.0
537,161,2021-02-11T03:57:01.000Z,270.5533447265625,0.0,0.0,0.0,0.0
538,750,2021-02-09T17:30:32.000Z,283.1533203125,0.0,0.0,0.0,0.0
539,769,2021-02-22T03:24:11.000Z,238.1666717529297,0.97393985586053,0.22614,0.16495,0.60891
540,1115,2021-02-16T06:13:22.000Z,265.40667724609375,0.9181371434414064,0.45326,0.01602,0.53071
541,244,2021-02-16T00:04:39.000Z,265.40667724609375,0.946863303920187,0.33032,0.08058,0.5891
542,1010,2021-02-10T14:24:39.000Z,268.2733459472656,0.9536026600932878,0.2251,0.27141,0.50349
543,400,2021-02-08T14:41:03.000Z,287.8066711425781,0.0,0.0,0.0,0.0
544,461,2021-02-08T00:02:53.000Z,287.8066711425781,0.0,0.0,0.0,0.0
545,3873,2021-02-02T21:23:43.000Z,290.92999267578125,0.0,0.0,0.0,0.0
546,120,2021-02-08T14:05:08.000Z,287.8066711425781,0.9686595926385128,0.27808,0.19519,0.52673
547,398,2021-02-02T12:15:27.000Z,290.92999267578125,0.962074982086922,0.03431,0.47435,0.49135
548,3772,2021-02-01T14:43:16.000Z,279.9366760253906,0.9191789148118276,0.23333,0.34053,0.42614
549,895,2021-01-29T12:24:45.000Z,264.510009765625,0.0,0.0,0.0,0.0
550,490,2021-01-28T15:22:38.000Z,278.4766540527344,0.0,0.0,0.0,0.0
551,4226,2021-01-27T13:21:39.000Z,288.0533447265625,0.0,0.0,0.0,0.0
552,1061,2021-01-25T09:29:43.000Z,293.6000061035156,0.0,0.0,0.0,0.0
553,4047,2021-01-29T02:15:41.000Z,264.510009765625,0.942649476711635,0.58966,0.11118,0.29915
554,362,2021-01-28T11:17:29.000Z,278.4766540527344,0.969399646751133,0.17126,0.1296,0.69914
555,847,2021-01-27T22:21:03.000Z,288.0533447265625,0.9034830133424094,0.55648,0.33033,0.11319
556,143,2021-01-27T12:30:25.000Z,288.0533447265625,0.9360890943923214,0.16948,0.35878,0.47174
557,3866,2021-01-20T05:04:11.000Z,283.48333740234375,0.905665327748888,0.47628,0.01243,0.51129
558,359,2021-01-12T13:15:33.000Z,283.14666748046875,0.0,0.0,0.0,0.0
559,929,2021-01-07T16:26:12.000Z,272.0133361816406,0.0,0.0,0.0,0.0
560,3781,2021-01-07T00:12:45.000Z,272.0133361816406,0.0,0.0,0.0,0.0
561,342,2021-01-14T20:18:55.000Z,281.6666564941406,0.9491262737145664,0.06142,0.24092,0.69766
562,443,2021-01-14T13:35:51.000Z,281.6666564941406,0.915578178321528,0.01093,0.93086,0.0582
563,1128,2021-01-13T04:03:31.000Z,284.8033447265625,0.9405092877700032,0.16397,0.03979,0.79624
564,995,2021-01-11T04:13:53.000Z,270.39666748046875,0.9644290089628704,0.58717,0.01017,0.40266
565,1040,2021-01-08T03:04:17.000Z,293.3399963378906,0.9737398549321208,0.47063,0.12041,0.40897
566,1297,2021-01-07T15:55:50.000Z,272.0133361816406,0.9111995814475164,0.48263,0.1,0.41737
567,2990,2020-12-31T05:29:39.000Z,235.22332763671875,0.0,0.0,0.0,0.0
568,306,2020-12-29T00:49:24.000Z,221.9966735839844,0.0,0.0,0.0,0.0
569,751,2020-12-29T00:13:40.000Z,221.9966735839844,0.0,0.0,0.0,0.0
570,3486,2020-12-18T00:01:00.000Z,231.6666717529297,0.0,0.0,0.0,0.0
571,193,2020-12-14T02:54:41.000Z,213.27667236328125,0.0,0.0,0.0,0.0
572,616,2020-12-14T00:00:39.000Z,213.27667236328125,0.0,0.0,0.0,0.0
573,3771,2020-12-29T11:19:17.000Z,221.9966735839844,0.9910575212371082,0.2633,0.18977,0.54692
574,1298,2020-12-23T02:52:41.000Z,215.32666015625,0.920778068310766,0.36164,0.318,0.32036
575,894,2020-12-18T21:38:19.000Z,231.6666717529297,0.9830438355455718,0.46762,0.24871,0.28368
576,1194,2020-12-03T10:07:50.000Z,197.7933349609375,0.0,0.0,0.0,0.0
577,882,2020-11-24T22:29:35.000Z,185.1266632080078,0.0,0.0,0.0,0.0
578,1103,2020-12-08T18:30:42.000Z,216.6266632080078,0.9467646678943068,0.19219,0.42414,0.38367
579,1381,2020-11-27T13:58:29.000Z,195.2533264160156,0.9589840429572368,0.35717,0.09594,0.5469
580,3018,2020-11-24T17:53:53.000Z,185.1266632080078,0.8758583778560832,0.35562,0.11475,0.52962
581,428,2020-11-20T16:04:28.000Z,163.20333862304688,0.968683975476999,0.28178,0.1068,0.61143
582,273,2020-11-09T02:04:17.000Z,140.4199981689453,0.0,0.0,0.0,0.0
583,162,2020-10-27T00:44:09.000Z,141.55999755859375,0.0,0.0,0.0,0.0
584,804,2020-11-18T12:04:59.000Z,162.2133331298828,0.9583487046865312,0.10742,0.10122,0.79136
585,851,2020-11-18T00:39:51.000Z,162.2133331298828,0.9288045595353158,0.36925,0.19307,0.43767
586,1001,2020-11-17T02:44:23.000Z,147.20333862304688,0.9788431021048528,0.55196,0.28707,0.16097
587,1004,2020-11-16T22:46:46.000Z,136.02999877929688,0.9532018234263924,0.29294,0.45532,0.25173
588,1225,2020-10-21T21:11:29.000Z,140.8800048828125,0.952923552518777,0.77637,0.11834,0.1053
589,3922,2020-09-30T10:15:50.000Z,143.00332641601562,0.0,0.0,0.0,0.0
590,1033,2020-09-29T23:10:27.000Z,139.69000244140625,0.0,0.0,0.0,0.0
591,3871,2020-09-25T06:20:31.000Z,135.77999877929688,0.0,0.0,0.0,0.0
592,899,2020-09-22T13:25:42.000Z,141.41000366210938,0.0,0.0,0.0,0.0
593,863,2020-10-07T12:26:52.000Z,141.76666259765625,0.916496815441206,0.64795,0.03792,0.31414
594,3754,2020-09-24T02:14:00.000Z,129.26333618164062,0.9798257759929974,0.16507,0.71445,0.12047
595,947,2020-09-23T01:57:19.000Z,126.7866668701172,0.9640274263494878,0.31631,0.28284,0.40084
596,562,2020-09-17T20:50:51.000Z,141.14332580566406,0.8819324663531823,0.07255,0.25866,0.66879
597,436,2020-09-15T13:14:56.000Z,149.9199981689453,0.9632051612870384,0.04673,0.41688,0.53638
598,1268,2020-09-03T01:19:02.000Z,135.6666717529297,0.0,0.0,0.0,0.0
599,159,2020-09-03T19:30:28.000Z,135.6666717529297,0.9260562996174384,0.1677,0.75821,0.07409
600,1250,2020-09-01T14:51:12.000Z,158.35000610351562,0.9739782159243606,0.13515,0.14143,0.72342
601,553,2020-08-31T11:52:37.000Z,166.10667419433594,0.9294448123554756,0.04918,0.3707,0.58012
602,747,2020-08-28T00:48:03.000Z,147.55999755859375,0.9752328993513772,0.17344,0.16231,0.66426
603,845,2020-08-24T22:26:09.000Z,134.27999877929688,0.9344515711431756,0.07231,0.48619,0.4415
604,1256,2020-08-07T17:50:17.000Z,96.84733581542967,0.0,0.0,0.0,0.0
605,827,2020-07-28T20:38:17.000Z,98.43267059326172,0.0,0.0,0.0,0.0
606,1414,2020-07-27T01:00:00.000Z,102.63999938964844,0.0,0.0,0.0,0.0
607,343,2020-07-20T23:01:04.000Z,109.53333282470705,0.0,0.0,0.0,0.0
608,3797,2020-08-05T12:07:13.000Z,99.00133514404295,0.9238715231554526,0.04139,0.35621,0.6024
609,484,2020-07-22T21:19:21.000Z,106.15533447265624,0.9610716281869156,0.42714,0.46397,0.10889
610,452,2020-07-22T11:22:22.000Z,106.15533447265624,0.902039962383471,0.15102,0.41383,0.43516
611,608,2020-07-21T13:28:21.000Z,104.55733489990234,0.9527070685792636,0.03214,0.50001,0.46785
612,297,2020-07-15T21:36:31.000Z,103.06732940673828,0.0,0.0,0.0,0.0
613,3012,2020-07-13T16:26:09.000Z,99.8040008544922,0.0,0.0,0.0,0.0
614,573,2020-07-15T11:43:17.000Z,103.06732940673828,0.9214243026865276,0.04977,0.40988,0.54035
615,3954,2020-07-15T05:54:43.000Z,103.06732940673828,0.926703856900248,0.4489,0.33652,0.21458
616,488,2020-07-09T12:59:44.000Z,92.9520034790039,0.9616016237808844,0.30894,0.1656,0.52547
617,188,2020-07-01T21:35:28.000Z,74.64199829101562,0.8751621300224319,0.61397,0.17591,0.21012
618,125,2020-07-01T00:44:49.000Z,74.64199829101562,0.8921904128225121,0.17422,0.06737,0.75841
619,207,2020-06-12T10:47:16.000Z,62.35200119018555,0.0,0.0,0.0,0.0
620,431,2020-05-29T22:14:48.000Z,55.66666793823242,0.0,0.0,0.0,0.0
621,1066,2020-05-27T00:02:48.000Z,54.68199920654297,0.0,0.0,0.0,0.0
622,344,2020-06-16T23:12:31.000Z,65.47533416748047,0.8926952006525356,0.25124,0.05268,0.69608
623,3812,2020-06-09T22:24:21.000Z,62.711334228515625,0.978725929700995,0.49715,0.0312,0.47165
624,345,2020-06-08T15:00:03.000Z,63.327999114990234,0.9707964174190512,0.25071,0.29761,0.45168
625,875,2020-06-05T16:08:37.000Z,59.04399871826172,0.9698624720733569,0.10752,0.42295,0.46953
626,1172,2020-05-27T17:07:26.000Z,54.68199920654297,0.9641037164141594,0.25532,0.24366,0.50102
627,786,2020-05-20T10:08:38.000Z,54.37066650390625,0.0,0.0,0.0,0.0
628,209,2020-05-22T15:30:28.000Z,54.45866775512695,0.9532069644847788,0.09636,0.13798,0.76566
629,227,2020-05-19T03:15:40.000Z,53.867332458496094,0.8812511470683151,0.21452,0.2182,0.56727
630,748,2020-05-13T14:47:59.000Z,52.73066711425781,0.9668799562247729,0.44389,0.23896,0.31714
631,466,2020-05-11T23:54:29.000Z,54.08599853515625,0.9216218736867812,0.29268,0.32662,0.3807
632,1020,2020-05-08T01:00:03.000Z,54.62799835205078,0.0,0.0,0.0,0.0
633,3920,2020-05-06T17:51:29.000Z,52.172000885009766,0.0,0.0,0.0,0.0
634,3475,2020-04-28T20:38:40.000Z,51.27466583251953,0.0,0.0,0.0,0.0
635,248,2020-05-05T09:56:41.000Z,51.2140007019043,0.9350597249378746,0.04868,0.37296,0.57836
636,258,2020-05-04T15:10:25.000Z,50.74599838256836,0.9827382002446768,0.24005,0.42382,0.33613
637,1234,2020-05-01T20:03:42.000Z,46.75466537475586,0.9518692763180824,0.10048,0.50064,0.39887
638,3790,2020-05-01T01:28:48.000Z,46.75466537475586,0.9106269323446612,0.38989,0.19765,0.41246
639,1149,2020-04-30T12:07:45.000Z,52.12533187866211,0.9354135295328382,0.18009,0.43601,0.3839
640,271,2020-04-29T22:32:53.000Z,53.367332458496094,0.9633901693105952,0.23125,0.56039,0.20836
641,920,2020-04-15T19:39:55.000Z,48.65533447265625,0.0,0.0,0.0,0.0
642,4215,2020-04-13T09:30:00.000Z,43.39666748046875,0.0,0.0,0.0,0.0
643,806,2020-04-08T13:35:10.000Z,36.589332580566406,0.9244783422174562,0.08586,0.4637,0.45043
644,3756,2020-03-27T19:20:50.000Z,34.29066848754883,0.943902219686461,0.21103,0.31483,0.47414
645,6005,2020-03-27T17:36:02.000Z,34.29066848754883,0.9435131754759588,0.28073,0.57148,0.14779
646,1009,2020-03-16T16:38:07.000Z,29.67133331298828,0.0,0.0,0.0,0.0
647,250,2020-03-05T00:21:27.000Z,48.30266571044922,0.0,0.0,0.0,0.0
648,1059,2020-02-27T16:02:58.000Z,45.26666641235352,0.0,0.0,0.0,0.0
649,1139,2020-03-24T00:05:06.000Z,33.66666793823242,0.9226212922815225,0.47878,0.0249,0.49632
650,3884,2020-03-20T14:27:20.000Z,28.50200080871582,0.9096027785077352,0.05815,0.34078,0.60107
651,956,2020-03-18T13:58:43.000Z,24.08133316040039,0.9405717392862194,0.09271,0.67346,0.23384
652,281,2020-03-18T13:07:21.000Z,24.08133316040039,0.9728899274499092,0.01297,0.89277,0.09427
653,1112,2020-03-04T11:07:15.000Z,49.96666717529297,0.8735805107714921,0.12168,0.19389,0.68443
654,3848,2020-02-28T00:02:43.000Z,44.53266525268555,0.9456837444250208,0.18323,0.33489,0.48188
655,690,2020-02-21T14:46:06.000Z,60.06666564941406,0.0,0.0,0.0,0.0
656,455,2020-02-20T23:01:25.000Z,59.96066665649414,0.0,0.0,0.0,0.0
657,142,2020-02-07T22:36:37.000Z,49.871334075927734,0.0,0.0,0.0,0.0
658,242,2020-02-06T07:18:02.000Z,49.930667877197266,0.0,0.0,0.0,0.0
659,934,2020-02-26T14:02:27.000Z,51.91999816894531,0.91669918305471,0.02319,0.67092,0.30588
660,2966,2020-02-18T15:25:35.000Z,57.22666549682617,0.9830666383090066,0.11537,0.38812,0.49651
661,665,2020-02-12T01:00:00.000Z,51.15266799926758,0.9563105483281126,0.2331,0.0816,0.6853
662,2973,2020-01-30T19:44:24.000Z,42.72066879272461,0.0,0.0,0.0,0.0
663,635,2020-01-30T02:41:44.000Z,42.72066879272461,0.0,0.0,0.0,0.0
664,1015,2020-01-28T07:07:29.000Z,37.793331146240234,0.0,0.0,0.0,0.0
665,3044,2020-01-22T02:52:20.000Z,37.97066879272461,0.0,0.0,0.0,0.0
666,835,2020-02-04T21:56:32.000Z,59.137332916259766,0.9772523305532826,0.51421,0.3838,0.10199
667,1264,2020-01-31T11:44:32.000Z,43.371334075927734,0.963563459219969,0.14318,0.09678,0.76004
668,176,2020-01-30T18:43:51.000Z,42.72066879272461,0.9431125609456136,0.05817,0.53117,0.41065
669,753,2020-01-22T21:17:36.000Z,37.97066879272461,0.9608640567932004,0.63002,0.25883,0.11115
670,338,2019-12-31T00:59:10.000Z,27.8886661529541,0.0,0.0,0.0,0.0
671,1058,2019-12-16T19:13:03.000Z,25.433332443237305,0.0,0.0,0.0,0.0
672,811,2020-01-06T02:49:34.000Z,30.1026668548584,0.9532783691021692,0.12229,0.11087,0.76684
673,877,2020-01-02T17:19:58.000Z,28.68400001525879,0.9807164789549956,0.02874,0.54537,0.42589
674,3769,2019-12-30T04:47:46.000Z,27.64666748046875,0.9573056766166932,0.25411,0.13324,0.61264
675,800,2019-12-18T00:13:13.000Z,26.209999084472656,0.9029354426072356,0.11586,0.19361,0.69053
676,259,2019-12-11T16:18:17.000Z,23.51333236694336,0.956447200367934,0.44679,0.11048,0.44272
677,136,2019-12-10T17:18:20.000Z,23.256000518798828,0.9421756628835264,0.35136,0.02379,0.62485
678,3701,2019-12-09T12:48:10.000Z,22.635332107543945,0.9541231842252028,0.0334,0.57956,0.38704
679,464,2019-11-26T23:28:45.000Z,21.92799949645996,0.0,0.0,0.0,0.0
680,754,2019-12-06T22:41:44.000Z,22.392667770385746,0.9549445510527343,0.1068,0.4992,0.394
681,3766,2019-12-06T21:57:47.000Z,22.392667770385746,0.948343895307224,0.05164,0.56096,0.3874
682,3868,2019-12-05T03:22:58.000Z,22.024667739868164,0.9396187578586928,0.0935,0.49875,0.40775
683,1088,2019-12-04T01:08:04.000Z,22.20199966430664,0.9168929732873984,0.03665,0.67175,0.2916
684,1070,2019-12-03T09:14:58.000Z,22.413333892822266,0.9051959912648092,0.09679,0.41621,0.48699
685,869,2019-11-25T17:20:53.000Z,22.422666549682617,0.8554722597408361,0.19687,0.36434,0.43879
686,374,2019-11-04T01:07:14.000Z,21.1646671295166,0.0,0.0,0.0,0.0
687,134,2019-10-25T14:35:48.000Z,21.875333786010746,0.0,0.0,0.0,0.0
688,129,2019-11-18T13:07:14.000Z,23.332666397094727,0.9240060537858726,0.40036,0.04043,0.55921
689,1116,2019-11-13T06:21:45.000Z,23.073999404907227,0.9497211113945364,0.09232,0.37132,0.53636
690,187,2019-11-13T02:44:21.000Z,23.073999404907227,0.9328585408367374,0.30384,0.17275,0.52342
691,3016,2019-11-06T04:14:42.000Z,21.77199935913086,0.9334900090942606,0.04185,0.59156,0.3666
692,382,2019-10-30T13:21:33.000Z,21.000667572021484,0.9766289827406378,0.22606,0.05451,0.71942
693,481,2019-10-15T21:45:30.000Z,17.19266700744629,0.0,0.0,0.0,0.0
694,778,2019-09-25T00:05:30.000Z,15.24666690826416,0.0,0.0,0.0,0.0
695,612,2019-09-20T08:40:54.000Z,16.041332244873047,0.0,0.0,0.0,0.0
696,4066,2019-09-18T15:27:41.000Z,16.232667922973633,0.0,0.0,0.0,0.0
697,340,2019-10-23T22:09:23.000Z,16.978666305541992,0.9734217005768772,0.4011,0.44924,0.14966
698,1064,2019-10-21T23:08:52.000Z,16.899999618530273,0.8910851935776993,0.42929,0.08435,0.48636
699,474,2019-10-17T08:54:31.000Z,17.46466636657715,0.9602985510895956,0.50844,0.22098,0.27058
700,3880,2019-10-10T15:30:06.000Z,16.31599998474121,0.9484436013368264,0.33216,0.21274,0.4551
701,260,2019-09-18T23:42:46.000Z,16.232667922973633,0.8974917786835808,0.10585,0.20929,0.68486
702,1279,2019-09-12T09:56:41.000Z,16.391332626342773,0.0,0.0,0.0,0.0
703,1014,2019-09-09T11:14:36.000Z,15.452667236328123,0.0,0.0,0.0,0.0
704,2991,2019-08-29T23:12:27.000Z,14.780667304992676,0.0,0.0,0.0,0.0
705,184,2019-08-22T23:36:53.000Z,14.8100004196167,0.0,0.0,0.0,0.0
706,838,2019-09-05T12:08:56.000Z,15.305333137512209,0.9292679611799628,0.31069,0.19618,0.49313
707,1005,2019-08-29T11:12:11.000Z,14.780667304992676,0.9683860050512054,0.15807,0.13828,0.70365
708,805,2019-08-26T23:16:42.000Z,14.333333015441896,0.935004455006574,0.12873,0.06233,0.80893
709,1261,2019-08-23T09:46:49.000Z,14.09333324432373,0.9475192634146268,0.14729,0.30341,0.5493
710,936,2019-08-19T23:16:52.000Z,15.121999740600586,0.0,0.0,0.0,0.0
711,822,2019-08-15T23:14:51.000Z,14.37600040435791,0.0,0.0,0.0,0.0
712,467,2019-08-12T23:15:18.000Z,15.267333030700684,0.0,0.0,0.0,0.0
713,3921,2019-08-21T11:18:07.000Z,14.722000122070312,0.9800984290626242,0.00891,0.9475,0.04359
714,4070,2019-08-12T23:00:56.000Z,15.267333030700684,0.9086792681355232,0.26674,0.1041,0.62917
715,349,2019-08-08T23:05:53.000Z,15.886667251586914,0.985724535771106,0.18641,0.12177,0.69181
716,802,2019-07-23T23:04:04.000Z,17.344667434692383,0.980801717194026,0.29668,0.09157,0.61175
717,123,2019-07-22T23:16:10.000Z,17.045333862304688,0.8864797226267155,0.13037,0.12194,0.74769
718,315,2019-07-08T23:12:52.000Z,15.355999946594238,0.0,0.0,0.0,0.0
719,1300,2019-06-27T14:30:28.000Z,14.855999946594238,0.0,0.0,0.0,0.0
720,327,2019-06-25T14:31:46.000Z,14.650667190551758,0.0,0.0,0.0,0.0
721,348,2019-06-21T08:03:47.000Z,14.790666580200195,0.0,0.0,0.0,0.0
722,885,2019-06-13T01:39:04.000Z,14.260666847229004,0.0,0.0,0.0,0.0
723,2960,2019-07-12T12:03:23.000Z,16.338666915893555,0.9659681239176502,0.50535,0.22134,0.27331
724,1243,2019-07-09T23:01:45.000Z,15.337332725524902,0.926990895370101,0.14912,0.07791,0.77298
725,1236,2019-06-21T00:25:10.000Z,14.790666580200195,0.939512303326669,0.23444,0.13407,0.63149
726,185,2019-06-05T23:21:28.000Z,13.105999946594238,0.0,0.0,0.0,0.0
727,979,2019-05-31T16:16:07.000Z,12.343999862670898,0.0,0.0,0.0,0.0
728,1081,2019-05-28T13:56:56.000Z,12.579999923706056,0.0,0.0,0.0,0.0
729,2978,2019-05-28T12:33:05.000Z,12.579999923706056,0.0,0.0,0.0,0.0
730,471,2019-05-24T02:40:44.000Z,12.708666801452637,0.0,0.0,0.0,0.0
731,815,2019-06-07T23:13:38.000Z,13.633333206176758,0.9434781263385598,0.2084,0.03199,0.7596
732,1141,2019-06-04T14:21:12.000Z,12.90666675567627,0.8992187834737019,0.14493,0.29583,0.55924
733,606,2019-05-21T00:16:22.000Z,13.67199993133545,0.0,0.0,0.0,0.0
734,785,2019-05-16T16:45:43.000Z,15.222000122070312,0.0,0.0,0.0,0.0
735,498,2019-05-17T10:35:03.000Z,14.0686674118042,0.9591658888315052,0.02845,0.55114,0.42041
736,1096,2019-05-16T06:30:15.000Z,15.222000122070312,0.9167650915509248,0.1658,0.36983,0.46437
737,767,2019-04-26T22:48:43.000Z,15.675999641418455,0.9329749415717834,0.09413,0.49661,0.40926
738,183,2019-04-24T22:33:52.000Z,17.243999481201172,0.972092521099718,0.63069,0.27025,0.09906
739,391,2019-04-24T05:25:43.000Z,17.243999481201172,0.9616023535579408,0.10524,0.35519,0.53957
740,3984,2019-04-18T23:06:01.000Z,18.21733283996582,0.0,0.0,0.0,0.0
741,371,2019-04-01T10:54:31.000Z,19.278667449951172,0.0,0.0,0.0,0.0
742,3049,2019-04-22T03:28:58.000Z,17.516666412353516,0.9012572830915426,0.16089,0.31087,0.52823
743,1031,2019-04-18T11:45:07.000Z,18.21733283996582,0.9098776514028762,0.07933,0.05763,0.86305
744,1304,2019-04-18T10:56:39.000Z,18.21733283996582,0.9024954559101874,0.09983,0.0206,0.87957
745,451,2019-04-04T13:54:12.000Z,17.851999282836914,0.9411280215641162,0.03581,0.81339,0.1508
746,980,2019-03-27T17:03:53.000Z,18.32200050354004,0.8321819335257085,0.0377,0.46324,0.49906
747,643,2019-03-19T17:15:42.000Z,17.83133316040039,0.9646734433882718,0.03846,0.6612,0.30034
748,133,2019-03-01T17:39:57.000Z,19.652666091918945,0.0,0.0,0.0,0.0
749,3710,2019-03-12T12:48:44.000Z,18.89066696166992,0.95670127378706,0.01616,0.87317,0.11067
750,3808,2019-03-11T07:16:29.000Z,19.39466667175293,0.935322146401696,0.47747,0.3356,0.18693
751,2963,2019-03-05T19:37:30.000Z,18.43600082397461,0.9328514147616463,0.25573,0.64231,0.10196
752,636,2019-03-05T00:01:28.000Z,18.43600082397461,0.977901702526336,0.21684,0.02242,0.76074
753,3823,2019-03-01T08:11:40.000Z,19.652666091918945,0.8321819335257085,0.0438,0.02579,0.93041
754,1334,2019-02-25T01:10:37.000Z,19.917999267578125,0.0,0.0,0.0,0.0
755,632,2019-02-21T18:22:49.000Z,19.415332794189453,0.0,0.0,0.0,0.0
756,1333,2019-02-06T00:00:00.000Z,21.14800071716309,0.0,0.0,0.0,0.0
757,3015,2019-02-26T00:55:30.000Z,19.857332229614254,0.972777787655233,0.03178,0.74173,0.22648
758,828,2019-02-22T00:14:25.000Z,19.6473331451416,0.8321819335257085,0.0438,0.02579,0.93041
759,210,2019-02-13T12:25:01.000Z,20.544666290283203,0.9577948528733962,0.18642,0.42465,0.38893
760,931,2019-02-06T14:10:54.000Z,21.14800071716309,0.973596788787152,0.24799,0.30347,0.44855
761,3780,2019-01-30T22:23:28.000Z,20.584667205810547,0.9486842332506914,0.31226,0.31603,0.37172
762,138,2019-01-28T00:59:40.000Z,19.7586669921875,0.0,0.0,0.0,0.0
763,365,2019-01-15T14:25:52.000Z,22.961999893188477,0.0,0.0,0.0,0.0
764,761,2019-01-22T13:27:19.000Z,19.92799949645996,0.9152846493741084,0.23797,0.10159,0.66044
765,1305,2019-01-18T10:36:54.000Z,20.15066719055176,0.928922358226687,0.35379,0.3982,0.24801
766,203,2019-01-15T06:21:25.000Z,22.961999893188477,0.9473912097071556,0.35662,0.13344,0.50994
767,1380,2019-01-11T22:12:24.000Z,23.15066719055176,0.9379068679475424,0.33326,0.20131,0.46543
768,2972,2019-01-10T00:01:49.000Z,22.99799919128418,0.936507774279528,0.19487,0.03556,0.76957
769,329,2019-01-07T09:00:19.000Z,22.33066749572754,0.9521406095289694,0.44921,0.31998,0.23081
770,3704,2019-01-02T14:54:48.000Z,20.67466735839844,0.934693787023202,0.32394,0.64239,0.03367
771,1409,2018-12-24T09:00:00.000Z,19.69266700744629,0.0,0.0,0.0,0.0
772,1227,2018-12-28T16:15:55.000Z,22.257999420166016,0.9408750890028712,0.1462,0.26363,0.59017
773,607,2018-12-27T13:54:39.000Z,21.07533264160156,0.9565771804701888,0.11112,0.54,0.34888
774,337,2018-12-21T19:11:06.000Z,21.31800079345703,0.9518542079851482,0.18506,0.02628,0.78865
775,3006,2018-12-19T07:48:50.000Z,22.197999954223633,0.9065097965408758,0.12704,0.07385,0.79911
776,821,2018-12-11T19:38:28.000Z,24.450666427612305,0.940946477893373,0.25922,0.4047,0.33608
777,426,2018-12-10T13:04:20.000Z,24.343332290649418,0.9708909382005536,0.03326,0.28243,0.68431
778,214,2018-11-19T00:01:03.000Z,23.564666748046875,0.0,0.0,0.0,0.0
779,689,2018-11-01T00:03:09.000Z,22.95199966430664,0.0,0.0,0.0,0.0
780,1047,2018-10-22T23:11:43.000Z,17.39666748046875,0.0,0.0,0.0,0.0
781,784,2018-11-08T07:23:24.000Z,23.426666259765625,0.9314098125347918,0.14714,0.44488,0.40798
782,585,2018-11-05T19:11:28.000Z,22.760000228881836,0.914776837372058,0.14445,0.40505,0.4505
783,453,2018-10-26T16:26:39.000Z,22.059999465942383,0.9024954559101874,0.07136,0.5253,0.40335
784,3877,2018-10-24T20:31:42.000Z,19.233333587646484,0.9446885183679437,0.61544,0.22357,0.16099
785,1160,2018-10-23T13:57:45.000Z,19.60933303833008,0.8760566057525541,0.08333,0.5231,0.39358
786,232,2018-10-08T07:55:01.000Z,16.70400047302246,0.0,0.0,0.0,0.0
787,3807,2018-10-05T09:37:07.000Z,17.463333129882812,0.0,0.0,0.0,0.0
788,561,2018-10-18T23:08:41.000Z,17.5939998626709,0.973077247121724,0.25637,0.05399,0.68964
789,1161,2018-10-10T18:49:25.000Z,17.125333786010742,0.9650739587545069,0.02998,0.27575,0.69427
790,472,2018-10-05T00:25:40.000Z,17.463333129882812,0.9102416492745984,0.0486,0.46249,0.48891
791,889,2018-10-04T03:30:58.000Z,18.788667678833008,0.9042765251083692,0.368,0.02807,0.60393
792,1200,2018-10-02T18:02:28.000Z,20.06800079345703,0.9804511705558656,0.34303,0.55635,0.10062
793,1063,2018-10-02T14:02:24.000Z,20.06800079345703,0.8321819335257085,0.0153,0.63346,0.35124
794,276,2018-09-28T16:04:56.000Z,17.65133285522461,0.0,0.0,0.0,0.0
795,755,2018-09-21T23:40:08.000Z,19.940000534057617,0.0,0.0,0.0,0.0
796,1283,2018-09-28T13:32:15.000Z,17.65133285522461,0.9733306060192666,0.12662,0.59317,0.28021
797,749,2018-09-28T08:08:20.000Z,17.65133285522461,0.7899161258430403,0.03276,0.12598,0.84126
798,1374,2018-09-28T01:09:29.000Z,17.65133285522461,0.9756438575477008,0.0902,0.43615,0.47365
799,1296,2018-09-27T22:31:32.000Z,20.501333236694336,0.7720519955263885,0.01346,0.89212,0.09442
800,131,2018-09-27T20:24:31.000Z,20.501333236694336,0.960614202210443,0.03957,0.46568,0.49475
801,112,2018-09-17T18:06:29.000Z,19.6560001373291,0.9655465372185256,0.05941,0.47409,0.4665
802,160,2018-09-14T10:55:56.000Z,19.68000030517578,0.9466787057941676,0.06187,0.30413,0.634
803,473,2018-09-07T15:06:45.000Z,17.549333572387695,0.8925151237063222,0.10537,0.6089,0.28573
804,1287,2018-09-07T09:48:17.000Z,17.549333572387695,0.9396429833566108,0.08865,0.22255,0.6888
805,331,2018-09-05T11:24:21.000Z,18.715999603271484,0.9568822709714924,0.07581,0.38264,0.54155
806,241,2018-09-05T09:11:50.000Z,18.715999603271484,0.8959021660539234,0.54098,0.18481,0.27422
807,1153,2018-08-29T23:06:22.000Z,20.333999633789062,0.9281556077343736,0.33634,0.02816,0.6355
808,829,2018-08-29T23:05:25.000Z,20.333999633789062,0.9130400763572478,0.1959,0.73832,0.06578
809,625,2018-08-29T13:34:18.000Z,20.333999633789062,0.9697601313108276,0.05628,0.49672,0.447
810,3821,2018-08-23T21:52:12.000Z,21.34000015258789,0.9151894934369392,0.28266,0.04786,0.66948
811,1208,2018-08-20T16:06:24.000Z,20.562667846679688,0.9316697953546736,0.11954,0.74932,0.13113
812,277,2018-08-17T06:46:59.000Z,20.36666679382324,0.9237522744993442,0.2083,0.32744,0.46426
813,3810,2018-08-15T15:47:41.000Z,22.57933235168457,0.9375178402439904,0.11078,0.52192,0.36731
814,170,2018-08-14T13:00:24.000Z,23.176000595092773,0.9846472034723296,0.05853,0.02859,0.91288
815,647,2018-08-10T21:01:56.000Z,23.69933319091797,0.9320981704248816,0.3165,0.31444,0.36907
816,1148,2018-08-08T13:44:35.000Z,24.689332962036133,0.9569170894771568,0.11508,0.3455,0.53943
817,332,2018-08-08T08:28:42.000Z,24.689332962036133,0.927912923778301,0.08864,0.39541,0.51595
818,3878,2018-08-07T17:25:14.000Z,25.30466651916504,0.9333734257503092,0.18182,0.25577,0.56241
819,816,2018-08-01T20:57:04.000Z,20.055999755859375,0.8418779666679632,0.39835,0.45174,0.14991
820,3820,2018-08-01T10:49:39.000Z,20.055999755859375,0.9473100928101948,0.01803,0.89523,0.08674
821,1043,2018-07-18T07:06:08.000Z,21.59000015258789,0.9489068540757524,0.03489,0.65711,0.308
822,264,2018-07-16T11:27:52.000Z,20.67333221435547,0.937302595220435,0.075,0.40366,0.52134
823,1189,2018-07-11T23:58:56.000Z,21.263999938964844,0.9299382355437724,0.27719,0.16853,0.55428
824,768,2018-07-11T06:16:10.000Z,21.263999938964844,0.9529310088663604,0.43184,0.35555,0.21262
825,3783,2018-07-10T13:04:29.000Z,21.49799919128418,0.9778137718927076,0.14671,0.18067,0.67262
826,247,2018-07-06T08:06:06.000Z,20.593332290649418,0.9826693341574744,0.30643,0.22401,0.46956
827,593,2018-07-05T09:21:32.000Z,20.610666275024418,0.879003396280956,0.5152,0.15085,0.33395
828,179,2018-06-28T23:29:20.000Z,23.32866668701172,0.0,0.0,0.0,0.0
829,137,2018-06-26T23:51:42.000Z,22.799999237060547,0.0,0.0,0.0,0.0
830,3888,2018-06-25T23:06:00.000Z,22.200666427612305,0.0,0.0,0.0,0.0
831,777,2018-06-22T15:29:17.000Z,22.242000579833984,0.0,0.0,0.0,0.0
832,566,2018-06-22T09:37:18.000Z,22.242000579833984,0.0,0.0,0.0,0.0
833,999,2018-07-02T11:02:35.000Z,22.33799934387207,0.937561822477331,0.41145,0.03761,0.55093
834,1196,2018-06-28T10:57:36.000Z,23.32866668701172,0.952036444161152,0.21915,0.29253,0.48833
835,373,2018-06-15T15:54:30.000Z,23.878000259399418,0.0,0.0,0.0,0.0
836,233,2018-06-12T17:06:02.000Z,22.851333618164062,0.0,0.0,0.0,0.0
837,841,2018-06-20T16:42:06.000Z,24.14800071716309,0.957012199324887,0.09437,0.61386,0.29177
838,3874,2018-06-20T16:24:51.000Z,24.14800071716309,0.9249680831094654,0.21604,0.71079,0.07316
839,3025,2018-06-19T09:28:45.000Z,23.503332138061523,0.9132024276098496,0.04422,0.69219,0.26359
840,770,2018-06-18T00:03:09.000Z,24.722000122070312,0.8931144118578379,0.10193,0.02545,0.87262
841,890,2018-06-12T18:39:30.000Z,22.851333618164062,0.9744022422801284,0.21575,0.61741,0.16683
842,5919,2018-06-07T23:29:26.000Z,21.07266616821289,0.0,0.0,0.0,0.0
843,1231,2018-05-31T14:50:19.000Z,18.98200035095215,0.0,0.0,0.0,0.0
844,3038,2018-05-31T12:35:48.000Z,18.98200035095215,0.0,0.0,0.0,0.0
845,1037,2018-05-30T17:49:20.000Z,19.447999954223633,0.0,0.0,0.0,0.0
846,3831,2018-06-11T23:31:02.000Z,22.13999938964844,0.9671580160837407,0.15187,0.27072,0.5774
847,1375,2018-06-11T23:30:38.000Z,22.13999938964844,0.9296737040738632,0.05609,0.63187,0.31204
848,998,2018-06-06T00:05:57.000Z,21.299999237060547,0.882997726416716,0.23744,0.29767,0.46489
849,852,2018-06-04T19:29:42.000Z,19.78266716003418,0.8321819335257085,0.1108,0.24605,0.64314
850,1174,2018-06-04T10:18:34.000Z,19.78266716003418,0.9644812737527294,0.01931,0.78392,0.19677
851,200,2018-05-23T12:47:53.000Z,18.60466766357422,0.0,0.0,0.0,0.0
852,290,2018-05-22T15:36:11.000Z,18.333999633789062,0.0,0.0,0.0,0.0
853,1389,2018-05-23T21:59:33.000Z,18.60466766357422,0.8957770151026984,0.04449,0.37357,0.58194
854,1163,2018-05-23T16:55:57.000Z,18.60466766357422,0.9425756678140782,0.02741,0.64761,0.32497
855,407,2018-05-23T12:25:27.000Z,18.60466766357422,0.9314325073580492,0.16399,0.16239,0.67362
856,212,2018-05-22T12:29:05.000Z,18.333999633789062,0.8998746167300193,0.02324,0.80205,0.1747
857,3832,2018-05-22T05:28:03.000Z,18.333999633789062,0.9522077600513128,0.09866,0.23003,0.67131
858,1075,2018-05-21T23:05:22.000Z,18.965999603271484,0.9195482873693186,0.15719,0.24448,0.59832
859,871,2018-05-14T18:12:40.000Z,19.46466636657715,0.9414548239677522,0.09275,0.64202,0.26523
860,3052,2018-05-08T10:55:29.000Z,20.131332397460938,0.0,0.0,0.0,0.0
861,3030,2018-05-08T00:48:10.000Z,20.131332397460938,0.0,0.0,0.0,0.0
862,807,2018-05-03T11:09:29.000Z,18.963333129882812,0.9170644311684708,0.12649,0.31776,0.55576
863,293,2018-05-02T20:40:22.000Z,20.07666778564453,0.9355356157808212,0.30504,0.54822,0.14673
864,379,2018-05-01T23:10:04.000Z,19.994667053222656,0.9560635913093104,0.31578,0.38162,0.3026
865,990,2018-04-23T12:18:31.000Z,18.891332626342773,0.0,0.0,0.0,0.0
866,1364,2018-04-20T14:19:17.214Z,19.34933280944824,0.0,0.0,0.0,0.0
867,1248,2018-04-20T10:41:50.000Z,19.34933280944824,0.0,0.0,0.0,0.0
868,611,2018-04-19T11:57:29.000Z,20.005332946777344,0.0,0.0,0.0,0.0
869,375,2018-04-13T12:34:05.000Z,20.022666931152344,0.0,0.0,0.0,0.0
870,1165,2018-04-18T13:45:07.000Z,19.55666732788086,0.9111277513804564,0.1464,0.63631,0.21729
871,2999,2018-04-16T07:37:29.000Z,19.413999557495117,0.940977560680302,0.05443,0.54207,0.4035
872,1157,2018-04-13T11:17:52.000Z,20.022666931152344,0.9560714909005752,0.03137,0.6513,0.31733
873,416,2018-04-11T11:27:14.000Z,20.062000274658203,0.9143656305842258,0.13747,0.31569,0.54684
874,809,2018-04-02T18:57:45.000Z,16.832000732421875,0.0,0.0,0.0,0.0
875,1281,2018-03-28T23:00:55.000Z,17.185333251953125,0.0,0.0,0.0,0.0
876,860,2018-03-27T21:35:16.000Z,18.61199951171875,0.0,0.0,0.0,0.0
877,3027,2018-04-03T14:51:52.000Z,17.8353328704834,0.9431004954735152,0.20237,0.60474,0.19289
878,924,2018-04-02T10:36:19.000Z,16.832000732421875,0.9033492572899482,0.11139,0.55932,0.32929
879,497,2018-03-27T14:10:31.000Z,18.61199951171875,0.970476912214114,0.50892,0.1176,0.37348
880,351,2018-03-23T23:33:14.000Z,20.1026668548584,0.9431717101869422,0.13065,0.48097,0.38838
881,350,2018-03-23T17:20:33.000Z,20.1026668548584,0.9290228716156133,0.12125,0.47661,0.40214
882,796,2018-03-07T16:22:23.000Z,22.15333366394043,0.0,0.0,0.0,0.0
883,2977,2018-03-19T17:16:39.000Z,20.90399932861328,0.9448657488438148,0.10591,0.35517,0.53892
884,164,2018-03-16T22:33:37.000Z,21.42333221435547,0.9390944475059436,0.32605,0.39778,0.27617
885,6007,2018-03-12T09:43:17.000Z,23.034000396728516,0.9446863775248168,0.20382,0.05678,0.73941
886,370,2018-03-07T14:57:03.000Z,22.15333366394043,0.959899422166695,0.41463,0.0116,0.57377
887,1011,2018-03-07T01:45:10.000Z,22.15333366394043,0.954677683745894,0.34646,0.19027,0.46327
888,783,2018-03-01T18:21:01.000Z,22.062000274658203,0.9376447341356644,0.16015,0.01513,0.82472
889,774,2018-02-22T00:03:33.000Z,23.07799911499023,0.0,0.0,0.0,0.0
890,955,2018-02-20T19:31:55.000Z,22.31800079345703,0.0,0.0,0.0,0.0
891,3834,2018-02-22T12:46:37.000Z,23.07799911499023,0.9562514477063744,0.05111,0.21368,0.73521
892,430,2018-02-21T14:47:17.000Z,22.219999313354492,0.9445964037245542,0.04763,0.35148,0.60089
893,4069,2018-02-20T10:12:49.000Z,22.31800079345703,0.9331223370448212,0.10958,0.17403,0.71639
894,300,2018-02-15T00:17:14.000Z,22.271333694458008,0.8928594341336289,0.07621,0.10625,0.81755
895,939,2018-02-07T11:32:33.000Z,23.0,0.0,0.0,0.0,0.0
896,163,2018-02-07T00:29:31.000Z,23.0,0.0,0.0,0.0,0.0
897,3026,2018-02-06T14:09:55.000Z,22.264667510986328,0.0,0.0,0.0,0.0
898,3019,2018-01-29T23:23:25.000Z,23.302000045776367,0.0,0.0,0.0,0.0
899,565,2018-02-08T00:49:56.000Z,21.01533317565918,0.9151029190448774,0.38864,0.30598,0.30539
900,1079,2018-02-07T06:32:08.000Z,23.0,0.9741939862596825,0.16518,0.1905,0.64432
901,2988,2018-02-06T22:53:11.000Z,22.264667510986328,0.8103371577706586,0.27007,0.01704,0.71288
902,165,2018-02-06T20:45:48.000Z,22.264667510986328,0.9496314901844648,0.25186,0.06208,0.68606
903,1198,2018-02-06T01:40:58.000Z,22.264667510986328,0.9638795762894984,0.21166,0.10832,0.68002
904,442,2018-01-24T18:01:43.000Z,23.05933380126953,0.0,0.0,0.0,0.0
905,874,2018-01-24T14:10:53.000Z,23.05933380126953,0.0,0.0,0.0,0.0
906,563,2018-01-24T13:36:45.000Z,23.05933380126953,0.0,0.0,0.0,0.0
907,582,2018-01-19T23:22:08.000Z,23.334667205810547,0.0,0.0,0.0,0.0
908,169,2018-01-24T13:40:07.000Z,23.05933380126953,0.9348573876502988,0.05424,0.56321,0.38256
909,1032,2018-01-24T06:07:14.000Z,23.05933380126953,0.9024954559101874,0.05688,0.31354,0.62958
910,313,2018-01-23T15:20:24.000Z,23.519332885742188,0.949780405490227,0.27843,0.03118,0.69039
911,3917,2018-01-23T15:15:49.000Z,23.519332885742188,0.9351838767531492,0.20896,0.17789,0.61316
912,633,2018-01-23T14:14:41.000Z,23.519332885742188,0.9858496507058304,0.40207,0.05507,0.54286
913,797,2018-01-18T10:36:13.000Z,22.971332550048828,0.0,0.0,0.0,0.0
914,2998,2018-01-12T15:42:17.000Z,22.4146671295166,0.0,0.0,0.0,0.0
915,781,2018-01-12T11:32:02.000Z,22.4146671295166,0.0,0.0,0.0,0.0
916,115,2018-01-11T12:49:54.000Z,22.530000686645508,0.0,0.0,0.0,0.0
917,817,2018-01-11T05:14:02.000Z,22.530000686645508,0.0,0.0,0.0,0.0
918,1034,2018-01-09T18:02:05.000Z,22.246000289916992,0.0,0.0,0.0,0.0
919,850,2018-01-09T14:45:56.000Z,22.246000289916992,0.0,0.0,0.0,0.0
920,1363,2017-12-21T10:03:16.323Z,22.110666275024418,0.0,0.0,0.0,0.0
921,2968,2017-12-15T17:43:31.000Z,22.89666748046875,0.0,0.0,0.0,0.0
922,3826,2017-12-27T11:27:21.000Z,20.775999069213867,0.9575112836101318,0.34089,0.40543,0.25368
923,197,2017-12-20T11:50:14.000Z,21.93199920654297,0.9138510731089086,0.18938,0.11955,0.69107
924,1397,2017-12-13T11:19:39.299Z,22.60199928283691,0.9134671357048166,0.16175,0.02342,0.81483
925,3791,2017-12-01T15:47:09.000Z,20.435333251953125,0.9368015101828594,0.04005,0.40675,0.5532
926,417,2017-12-01T02:37:29.000Z,20.435333251953125,0.950209834824806,0.26575,0.11973,0.61453
927,500,2017-11-21T12:02:23.000Z,21.187332153320312,0.0,0.0,0.0,0.0
928,2989,2017-11-14T16:34:42.000Z,20.579999923706055,0.0,0.0,0.0,0.0
929,637,2017-11-21T00:56:40.000Z,21.187332153320312,0.915407649456206,0.23567,0.08155,0.68278
930,357,2017-11-20T00:09:55.000Z,20.582666397094727,0.935115203512514,0.26057,0.06324,0.67619
931,441,2017-11-17T18:11:39.000Z,21.003332138061523,0.9437022381270966,0.08235,0.13703,0.78062
932,3983,2017-11-17T17:58:45.000Z,21.003332138061523,0.8321819335257085,0.17789,0.0159,0.80621
933,3863,2017-11-17T10:13:12.000Z,21.003332138061523,0.8522501983135001,0.42468,0.46104,0.11429
934,842,2017-11-17T07:43:45.000Z,21.003332138061523,0.9438996044566206,0.27151,0.13884,0.58965
935,1182,2017-11-08T23:26:44.000Z,20.292667388916016,0.0,0.0,0.0,0.0
936,3041,2017-11-06T14:01:48.000Z,20.185333251953125,0.0,0.0,0.0,0.0
937,1362,2017-10-27T03:11:32.208Z,21.391332626342773,0.0,0.0,0.0,0.0
938,893,2017-10-09T16:17:17.000Z,22.86266708374023,0.0,0.0,0.0,0.0
939,1158,2017-11-07T20:19:14.000Z,20.40333366394043,0.9313288181680484,0.23895,0.10245,0.6586
940,114,2017-11-01T22:43:40.000Z,21.405332565307617,0.922036539747102,0.23954,0.60014,0.16032
941,1077,2017-10-25T09:05:03.000Z,21.722667694091797,0.9271026853184846,0.532,0.01514,0.45286
942,3031,2017-10-06T19:51:10.000Z,23.79199981689453,0.9303792123861284,0.06414,0.24821,0.68765
943,144,2017-09-29T16:24:40.000Z,22.739999771118164,0.0,0.0,0.0,0.0
944,168,2017-10-05T23:12:40.000Z,23.68866729736328,0.9514633694279632,0.17546,0.1641,0.66044
945,937,2017-10-03T14:27:48.000Z,23.209333419799805,0.9754650513837064,0.69547,0.27301,0.03153
946,477,2017-10-02T11:26:03.000Z,22.768667221069336,0.9561321082007088,0.23766,0.32776,0.43458
947,1136,2017-09-29T09:55:29.000Z,22.739999771118164,0.977880556902922,0.23193,0.05338,0.71469
948,2993,2017-09-26T15:46:20.000Z,23.016666412353516,0.924571998642058,0.20593,0.02591,0.76816
949,401,2017-09-20T10:56:02.000Z,24.92733383178711,0.9524121361850624,0.44108,0.04921,0.50972
950,366,2017-09-18T23:11:18.000Z,25.666667938232425,0.9771857734026128,0.21867,0.07871,0.70263
951,2982,2017-09-11T12:14:41.000Z,24.246000289916992,0.0,0.0,0.0,0.0
952,491,2017-09-08T16:16:28.000Z,22.893333435058594,0.0,0.0,0.0,0.0
953,243,2017-09-01T21:12:39.000Z,23.69333267211914,0.0,0.0,0.0,0.0
954,892,2017-08-31T11:58:21.000Z,23.726667404174805,0.0,0.0,0.0,0.0
955,3776,2017-09-14T02:56:57.000Z,25.176000595092773,0.8818015183358019,0.37247,0.01851,0.60902
956,1035,2017-09-12T17:54:17.000Z,24.183332443237305,0.9425946436345658,0.19361,0.38613,0.42026
957,1181,2017-09-06T05:25:25.000Z,22.968666076660156,0.8545582557226092,0.27577,0.02365,0.70058
958,145,2017-09-06T02:27:29.000Z,22.968666076660156,0.8984335031552796,0.31244,0.08283,0.60474
959,1089,2017-08-28T10:43:37.000Z,23.04400062561035,0.0,0.0,0.0,0.0
960,2996,2017-08-25T10:57:15.000Z,23.203332901000977,0.0,0.0,0.0,0.0
961,253,2017-08-22T23:25:58.000Z,22.75666618347168,0.0,0.0,0.0,0.0
962,3798,2017-08-14T10:53:11.000Z,24.253332138061523,0.0,0.0,0.0,0.0
963,166,2017-08-28T15:15:54.000Z,23.04400062561035,0.9584778138608768,0.21852,0.10535,0.67614
964,1241,2017-08-22T12:48:15.000Z,22.75666618347168,0.9833249925356364,0.1826,0.09344,0.72397
965,1169,2017-08-21T04:25:57.000Z,22.52400016784668,0.9669576041609572,0.08472,0.22507,0.69021
966,199,2017-08-17T08:32:28.000Z,23.461332321166992,0.9210931058691488,0.48415,0.04148,0.47437
967,1069,2017-08-03T14:28:47.000Z,23.139333724975582,0.0,0.0,0.0,0.0
968,1190,2017-08-01T19:59:49.000Z,21.30466651916504,0.0,0.0,0.0,0.0
969,415,2017-07-31T11:24:14.000Z,21.564666748046875,0.0,0.0,0.0,0.0
970,448,2017-07-26T17:39:52.000Z,22.92333221435547,0.0,0.0,0.0,0.0
971,275,2017-08-02T21:58:15.000Z,21.72599983215332,0.9592515738047984,0.52148,0.19802,0.28049
972,3785,2017-07-25T12:40:33.000Z,22.63999938964844,0.9586963866555378,0.10103,0.35331,0.54566
973,1197,2017-07-25T12:36:17.000Z,22.63999938964844,0.9674099388233772,0.41108,0.0599,0.52902
974,549,2017-07-07T17:16:29.000Z,20.881332397460938,0.0,0.0,0.0,0.0
975,438,2017-07-20T21:40:38.000Z,21.994667053222656,0.95812946846508,0.25858,0.13707,0.60435
976,130,2017-07-20T16:34:07.000Z,21.994667053222656,0.8214634251438194,0.10067,0.18486,0.71447
977,369,2017-07-11T09:27:32.000Z,21.814666748046875,0.9088430904142102,0.23311,0.64114,0.12575
978,1286,2017-07-07T06:17:15.000Z,20.881332397460938,0.923780970275056,0.32927,0.32105,0.34968
979,360,2017-07-05T15:56:46.000Z,21.805999755859375,0.9329996385126654,0.30461,0.09978,0.59561
980,381,2017-07-05T15:04:39.000Z,21.805999755859375,0.9270925195460084,0.43456,0.01525,0.55019
981,1249,2017-06-12T23:21:33.000Z,23.93400001525879,0.0,0.0,0.0,0.0
982,660,2017-06-12T10:06:01.528Z,23.93400001525879,0.0,0.0,0.0,0.0
983,413,2017-07-03T19:42:27.000Z,23.507999420166016,0.9405257879257964,0.1288,0.04248,0.82871
984,861,2017-07-03T15:11:07.000Z,23.507999420166016,0.98110782537958,0.83227,0.01774,0.14999
985,292,2017-06-20T12:21:07.000Z,24.81599998474121,0.941272267886336,0.0506,0.55901,0.39039
986,446,2017-06-14T16:55:16.000Z,25.37733268737793,0.8867207772558572,0.21978,0.17688,0.60333
987,423,2017-06-02T10:18:35.000Z,22.656667709350582,0.0,0.0,0.0,0.0
988,4126,2017-06-02T04:31:03.000Z,22.656667709350582,0.0,0.0,0.0,0.0
989,1082,2017-06-01T23:03:19.000Z,22.691333770751953,0.0,0.0,0.0,0.0
990,3763,2017-06-01T21:17:44.000Z,22.691333770751953,0.0,0.0,0.0,0.0
991,173,2017-06-01T15:39:31.000Z,22.691333770751953,0.0,0.0,0.0,0.0
992,419,2017-06-01T09:37:48.000Z,22.691333770751953,0.0,0.0,0.0,0.0
993,707,2017-05-31T12:27:19.000Z,22.733999252319336,0.0,0.0,0.0,0.0
994,2976,2017-06-06T09:38:30.000Z,23.523332595825195,0.9572950991251774,0.04952,0.19483,0.75565
995,283,2017-05-26T22:33:50.000Z,21.676000595092773,0.965208663193715,0.28365,0.07069,0.64566
996,1358,2016-08-25T00:37:41.000Z,14.730667114257812,0.0,0.0,0.0,0.0
997,1356,2016-05-25T10:15:58.642Z,14.638667106628418,0.0,0.0,0.0,0.0
998,1359,2015-09-29T00:30:00.000Z,16.44333267211914,0.0,0.0,0.0,0.0
999,858,2015-08-20T11:46:42.000Z,16.14533233642578,0.0,0.0,0.0,0.0
1000,4223,2015-08-06T18:00:31.000Z,16.408666610717773,0.0,0.0,0.0,0.0
1001,3023,2016-09-21T16:38:42.000Z,13.6813325881958,0.9473914391111252,0.06661,0.15318,0.7802
1002,1357,2016-06-02T16:49:39.000Z,14.597332954406738,0.9849861141668514,0.26133,0.1916,0.54707
1003,687,2016-03-24T12:05:00.000Z,15.18333339691162,0.946719845292813,0.15184,0.13468,0.71347
1004,659,2015-05-08T10:43:16.000Z,15.77400016784668,0.0,0.0,0.0,0.0
1005,3021,2015-03-31T05:05:00.000Z,12.584667205810549,0.0,0.0,0.0,0.0
1006,1396,2015-01-22T12:02:19.000Z,13.441332817077637,0.0,0.0,0.0,0.0
1007,1413,2014-12-09T09:11:56.000Z,14.459333419799805,0.0,0.0,0.0,0.0
1008,658,2014-11-18T09:14:24.000Z,17.18000030517578,0.0,0.0,0.0,0.0
1009,4222,2015-05-26T09:54:11.276Z,16.497333526611328,0.9731326301147406,0.0489,0.24845,0.70266
1010,664,2015-02-20T12:22:57.000Z,14.473999977111816,0.98293105777134,0.16579,0.10067,0.73354
1011,3485,2014-11-18T09:16:50.000Z,17.18000030517578,0.940588490759102,0.0907,0.13989,0.76941
1012,1426,2014-10-17T08:35:44.000Z,15.165332794189451,0.0,0.0,0.0,0.0
1013,666,2014-07-07T00:00:00.000Z,14.843999862670898,0.0,0.0,0.0,0.0
1014,677,2014-03-17T00:00:00.000Z,15.59866714477539,0.0,0.0,0.0,0.0
1015,1415,2014-03-31T00:00:00.000Z,13.896666526794434,0.9218001027806098,0.12497,0.10962,0.76541
1016,684,2013-11-29T00:00:00.000Z,8.485333442687988,0.0,0.0,0.0,0.0
1017,1349,2013-11-01T00:00:00.000Z,10.81133270263672,0.0,0.0,0.0,0.0
1018,1342,2013-08-16T00:00:00.000Z,9.466667175292969,0.0,0.0,0.0,0.0
1019,669,2013-06-28T00:00:00.000Z,7.157332897186279,0.0,0.0,0.0,0.0
1020,686,2013-11-13T00:00:00.000Z,9.24666690826416,0.9291533912116492,0.0713,0.12865,0.80005
1021,682,2013-10-16T00:00:00.000Z,12.237333297729492,0.9392418524419112,0.15871,0.05654,0.78475
1022,1340,2013-10-02T00:00:00.000Z,12.063332557678224,0.9328752635295696,0.18343,0.10681,0.70977
1023,1344,2013-09-03T00:00:00.000Z,11.262666702270508,0.9332913500481864,0.20809,0.02905,0.76287
1024,679,2013-08-12T00:00:00.000Z,9.825332641601562,0.9770317887437064,0.09645,0.07106,0.83248
1025,657,2012-10-04T00:00:00.000Z,1.9600000381469729,0.0,0.0,0.0,0.0
1026,4233,2012-09-10T15:09:05.000Z,1.824666976928711,0.0,0.0,0.0,0.0
1027,4188,2012-04-10T00:54:04.000Z,2.1640000343322754,0.0,0.0,0.0,0.0
1028,4220,2011-08-24T15:43:40.000Z,1.591333031654358,0.0,0.0,0.0,0.0
1029,667,2011-08-04T16:21:37.000Z,1.649999976158142,0.0,0.0,0.0,0.0
1030,1393,2011-07-19T14:20:10.000Z,1.859333038330078,0.0,0.0,0.0,0.0
1031,4221,2011-05-19T10:20:36.000Z,1.8799999952316284,0.0,0.0,0.0,0.0
1032,855,2011-05-09T23:11:17.000Z,1.8606669902801511,0.0,0.0,0.0,0.0
1033,699,2013-05-24T00:00:00.000Z,6.4720001220703125,0.97533351636387,0.09773,0.14123,0.76104
